{"stats":{"minecraft:crafted":{"minecraft:cherry_planks":36,"minecraft:oak_planks":4,"minecraft:crafting_table":2,"minecraft:ladder":6,"minecraft:stick":24,"minecraft:wooden_pickaxe":1,"minecraft:iron_ingot":18,"minecraft:stone_pickaxe":1,"minecraft:wooden_axe":1,"minecraft:chest":1,"minecraft:cherry_door":3,"minecraft:furnace":1,"minecraft:torch":4,"minecraft:air":0},"minecraft:custom":{"minecraft:time_since_rest":35355,"minecraft:waystone_activated":1,"minecraft:interact_with_furnace":3,"minecraft:sprint_one_cm":90038,"minecraft:damage_taken":190,"minecraft:walk_one_cm":332242,"minecraft:mob_kills":1,"minecraft:damage_dealt":82,"minecraft:interact_with_crafting_table":8,"minecraft:fly_one_cm":43477,"minecraft:play_time":35355,"minecraft:open_chest":1,"minecraft:sneak_time":3,"minecraft:jump":351,"minecraft:leave_game":3,"minecraft:time_since_death":35355,"minecraft:walk_on_water_one_cm":425,"minecraft:total_world_time":35355,"minecraft:climb_one_cm":4620,"minecraft:fall_one_cm":4938},"minecraft:used":{"minecraft:wooden_axe":5,"soul_like_armors_reworked:dagger":2,"minecraft:cherry_door":2,"wildberries:strawberry":8,"minecraft:stone_pickaxe":99,"minecraft:ladder":6,"minecraft:chest":1,"minecraft:wooden_pickaxe":56,"minecraft:torch":4,"minecraft:cobblestone":48,"minecraft:crafting_table":4,"minecraft:furnace":2},"minecraft:picked_up":{"minecraft:crafting_table":2,"minecraft:stick":3,"minecraft:raw_iron":18,"minecraft:ladder":1,"minecraft:torch":1,"minecraft:oak_log":1,"minecraft:cherry_log":9,"minecraft:dirt":17,"wildberries:strawberry":32,"corn_delight:corn_seeds":6,"minecraft:bone":1,"minecraft:arrow":2,"minecraft:wheat_seeds":8,"farmersdelight:onion":2,"argentinas_delight:membrillo":2,"minecraft:cherry_sapling":6,"minecraft:oak_sapling":1,"minecraft:coal":26,"minecraft:cobblestone":76,"minecraft:furnace":1},"minecraft:mined":{"farmersdelight:wild_onions":2,"minecraft:furnace":1,"corn_delight:wild_corn":6,"minecraft:iron_ore":18,"minecraft:cherry_log":9,"wildberries:strawberry_bush":1,"minecraft:crafting_table":2,"minecraft:torch":1,"minecraft:ladder":1,"minecraft:grass":49,"biomesoplenty:bush":1,"minecraft:grass_block":12,"minecraft:oak_log":1,"minecraft:coal_ore":26,"minecraft:dirt":7,"biomesoplenty:barley":3,"minecraft:cobblestone":2,"minecraft:stone":74,"minecraft:oak_leaves":1}},"DataVersion":3465}