{"stats":{"minecraft:mined":{"minecraft:coal_ore":26,"biomesoplenty:bush":1,"minecraft:oak_log":1,"minecraft:iron_ore":18,"minecraft:cherry_log":9,"minecraft:stone":6,"minecraft:oak_leaves":1,"minecraft:crafting_table":1},"minecraft:custom":{"minecraft:time_since_rest":11880,"minecraft:play_time":11880,"minecraft:sprint_one_cm":25172,"minecraft:walk_one_cm":32183,"minecraft:jump":117,"minecraft:time_since_death":11880,"minecraft:walk_on_water_one_cm":425,"minecraft:total_world_time":11880,"minecraft:interact_with_crafting_table":3,"minecraft:fall_one_cm":1641,"minecraft:fly_one_cm":13109},"minecraft:picked_up":{"minecraft:raw_iron":18,"minecraft:stick":3,"minecraft:crafting_table":1,"minecraft:cherry_sapling":6,"minecraft:oak_log":1,"minecraft:cherry_log":9,"minecraft:oak_sapling":1,"minecraft:coal":26,"minecraft:cobblestone":6},"minecraft:used":{"minecraft:wooden_axe":1,"minecraft:crafting_table":2,"minecraft:stone_pickaxe":47,"minecraft:wooden_pickaxe":3},"minecraft:crafted":{"minecraft:cherry_planks":36,"minecraft:oak_planks":4,"minecraft:crafting_table":1,"minecraft:stick":4,"minecraft:wooden_pickaxe":1,"minecraft:stone_pickaxe":1,"minecraft:wooden_axe":1}},"DataVersion":3465}