{"stats":{"minecraft:mined":{"argentinas_delight:ramabajamembrillo":1,"minecraft:crafting_table":3,"minecraft:cobblestone":1,"minecraft:spruce_leaves":12,"minecraft:coarse_dirt":1,"minecraft:furnace":3,"minecraft:iron_ore":23,"minecraft:lilac":1,"minecraft:spruce_log":31,"minecraft:grass":1,"minecraft:coal_ore":46,"minecraft:oak_log":21,"minecraft:cobweb":4,"biomesoplenty:spider_egg":2,"minecraft:stone":17,"minecraft:oak_leaves":8},"minecraft:killed":{"minecraft:cave_spider":2,"naturalist:butterfly":1,"naturalist:robin":1,"minecraft:skeleton":1,"minecraft:cow":1},"minecraft:custom":{"minecraft:interact_with_furnace":11,"lootr:looted_stat":2,"minecraft:mob_kills":6,"minecraft:interact_with_crafting_table":7,"minecraft:leave_game":3,"minecraft:time_since_death":1728,"minecraft:time_since_rest":1758,"minecraft:sprint_one_cm":299280,"minecraft:damage_taken":1885,"minecraft:walk_one_cm":312243,"minecraft:drop":38,"minecraft:damage_dealt":830,"minecraft:interact_with_beacon":1,"minecraft:swim_one_cm":5871,"minecraft:fly_one_cm":827949,"minecraft:crouch_one_cm":50986,"minecraft:play_time":87376,"minecraft:deaths":14,"minecraft:sneak_time":7642,"minecraft:walk_under_water_one_cm":2430,"minecraft:jump":1909,"minecraft:walk_on_water_one_cm":22451,"minecraft:total_world_time":87376,"minecraft:fall_one_cm":53904},"minecraft:killed_by":{"minecraft:player":2,"minecraft:skeleton":1},"minecraft:picked_up":{"minecraft:crafting_table":2,"minecraft:pink_petals":149,"minecraft:coarse_dirt":1,"minecraft:barrier":1,"minecraft:feather":1,"minecraft:lilac":1,"minecraft:water_bucket":3,"minecraft:leather":1,"minecraft:beacon":1,"minecraft:potion":1,"wildberries:blackberry":26,"minecraft:oak_log":19,"minecraft:shield":1,"minecraft:purple_stained_glass":1,"minecraft:string":6,"wildberries:raspberry":23,"minecraft:disc_fragment_5":5,"minecraft:compass":2,"minecraft:bone":3,"minecraft:experience_bottle":6,"minecraft:apple":6,"minecraft:stone_bricks":1,"minecraft:wheat_seeds":8,"argentinas_delight:membrillo":1,"minecraft:spruce_planks":2,"minecraft:beef":1,"minecraft:stone_pickaxe":1,"soul_like_armors_reworked:dagger":3,"minecraft:moss_block":1,"minecraft:oak_planks":6,"minecraft:furnace":5,"minecraft:raw_iron":71,"minecraft:stick":4,"minecraft:stone":1,"minecraft:sculk":10,"minecraft:big_dripleaf":1,"minecraft:torch":2,"minecraft:amethyst_shard":5,"minecraft:spruce_sapling":2,"minecraft:spruce_log":33,"minecraft:grass_block":1,"minecraft:mossy_cobblestone":1,"minecraft:stone_sword":1,"soul_like_armors_reworked:estusflask":10,"butcher:butchersguidebook":2,"argentinas_delight:cuernodetoro":1,"minecraft:oak_sapling":6,"minecraft:glow_berries":9,"minecraft:coal":167,"minecraft:cobblestone":19},"minecraft:crafted":{"minecraft:oak_planks":76,"minecraft:crafting_table":4,"minecraft:spruce_planks":20,"minecraft:furnace":1,"minecraft:bucket":1,"minecraft:air":0,"minecraft:shield":1,"minecraft:stick":16,"minecraft:iron_ingot":9,"minecraft:stone_pickaxe":1,"minecraft:stone_sword":1,"minecraft:torch":16},"minecraft:used":{"minecraft:moss_block":225,"minecraft:water_bucket":44,"minecraft:netherite_sword":17,"wildberries:blackberry":4,"minecraft:stone_pickaxe":7,"minecraft:stone":30,"minecraft:beacon":2,"soul_like_armors_reworked:estusflask":1,"wildberries:raspberry":5,"minecraft:torch":2,"minecraft:glow_berries":10,"minecraft:mossy_cobblestone":33,"minecraft:tnt":5,"minecraft:crafting_table":4,"minecraft:big_dripleaf":10,"minecraft:purple_stained_glass":4,"soul_like_armors_reworked:dagger":3,"minecraft:apple":1,"minecraft:iron_block":20,"minecraft:grass_block":272,"minecraft:barrier":12,"minecraft:netherite_axe":44,"minecraft:cherry_leaves":1,"minecraft:stone_bricks":20,"minecraft:pink_petals":43,"minecraft:fire_charge":5,"minecraft:cobblestone":5,"minecraft:golden_carrot":5,"minecraft:furnace":3,"minecraft:oak_sapling":5,"minecraft:bucket":4,"minecraft:netherite_pickaxe":88,"minecraft:coarse_dirt":1,"minecraft:bone_meal":9,"minecraft:experience_bottle":6},"minecraft:dropped":{"minecraft:water_bucket":2,"minecraft:furnace":2,"minecraft:compass":2,"minecraft:moss_block":1,"minecraft:wheat_seeds":4,"minecraft:stone_sword":1,"minecraft:mossy_cobblestone":1,"minecraft:raw_iron":2,"soul_like_armors_reworked:estusflask":4,"minecraft:barrier":1,"minecraft:cobblestone":1,"minecraft:disc_fragment_5":5,"minecraft:grass_block":1,"minecraft:coal":1,"minecraft:purple_stained_glass":1,"minecraft:big_dripleaf":1,"minecraft:stone":1,"minecraft:shield":1,"minecraft:torch":2,"minecraft:spruce_planks":2,"soul_like_armors_reworked:dagger":1,"minecraft:potion":1,"minecraft:stone_bricks":1,"minecraft:amethyst_shard":5,"minecraft:spruce_log":2,"minecraft:beacon":1,"minecraft:stone_pickaxe":1,"minecraft:string":1,"minecraft:pink_petals":64,"minecraft:spruce_sapling":1,"minecraft:bone":2}},"DataVersion":3465}