{"stats":{"minecraft:killed":{"minecraft:cave_spider":2,"naturalist:robin":1,"minecraft:skeleton":5,"minecraft:pig":1,"naturalist:butterfly":1,"minecraft:sheep":6,"minecraft:zombie":5,"minecraft:cow":9},"minecraft:mined":{"minecraft:tuff":9,"minecraft:deepslate_diamond_ore":44,"minecraft:sculk_vein":1,"argentinas_delight:ramabajamembrillo":1,"minecraft:spruce_leaves":12,"biomesoplenty:jacaranda_log":5,"minecraft:furnace":3,"minecraft:iron_ore":45,"minecraft:fire":1,"minecraft:sculk_shrieker":3,"biomesoplenty:high_grass":6,"biomesoplenty:spider_egg":2,"minecraft:stone":22,"minecraft:crafting_table":4,"minecraft:torch":1,"biomesoplenty:high_grass_plant":6,"minecraft:tall_grass":1,"minecraft:cobblestone":3,"minecraft:sculk":6,"minecraft:coarse_dirt":1,"minecraft:lilac":1,"minecraft:spruce_log":31,"minecraft:grass":13,"biomesoplenty:clover":1,"minecraft:oak_log":21,"minecraft:coal_ore":46,"minecraft:dripstone_block":1,"minecraft:cobweb":4,"create:crimsite":2,"biomesoplenty:redwood_wood":1,"minecraft:oak_leaves":8,"minecraft:deepslate":74},"minecraft:custom":{"lootr:looted_stat":2,"minecraft:mob_kills":30,"minecraft:interact_with_crafting_table":8,"minecraft:leave_game":5,"minecraft:time_since_death":22616,"minecraft:sprint_one_cm":417685,"minecraft:walk_one_cm":357747,"minecraft:drop":61,"minecraft:play_time":108264,"minecraft:deaths":14,"minecraft:sneak_time":10764,"minecraft:walk_under_water_one_cm":2997,"minecraft:jump":2520,"minecraft:walk_on_water_one_cm":27698,"minecraft:total_world_time":108264,"minecraft:interact_with_furnace":11,"minecraft:time_since_rest":22646,"minecraft:damage_taken":2973,"minecraft:damage_dealt":3923,"minecraft:interact_with_beacon":1,"minecraft:swim_one_cm":9391,"minecraft:fly_one_cm":1043290,"minecraft:crouch_one_cm":68434,"minecraft:fall_one_cm":97510},"minecraft:killed_by":{"minecraft:player":2,"minecraft:skeleton":1},"minecraft:picked_up":{"minecraft:crafting_table":3,"minecraft:coarse_dirt":1,"minecraft:potion":1,"soul_like_armors_reworked:darkknightsword":1,"minecraft:shield":1,"minecraft:string":6,"wildberries:raspberry":23,"minecraft:compass":2,"minecraft:experience_bottle":6,"minecraft:cobbled_deepslate":74,"minecraft:spruce_planks":2,"minecraft:beef":17,"soul_like_armors_reworked:dagger":3,"biomesoplenty:redwood_wood":1,"minecraft:furnace":5,"minecraft:stick":4,"minecraft:raw_iron":93,"minecraft:stone":1,"minecraft:big_dripleaf":1,"minecraft:torch":2,"minecraft:porkchop":3,"soul_like_armors_reworked:rustysteel_helmet":1,"soul_like_armors_reworked:estusflask":10,"minecraft:stone_sword":1,"minecraft:arrow":4,"minecraft:rotten_flesh":6,"biomesoplenty:jacaranda_log":5,"minecraft:glow_berries":9,"minecraft:mutton":6,"minecraft:white_wool":4,"minecraft:cobblestone":26,"minecraft:pink_petals":149,"minecraft:barrier":1,"minecraft:feather":1,"minecraft:lilac":1,"minecraft:water_bucket":3,"minecraft:leather":7,"minecraft:beacon":1,"minecraft:potato":1,"wildberries:blackberry":26,"minecraft:tuff":9,"minecraft:oak_log":19,"minecraft:purple_stained_glass":1,"minecraft:disc_fragment_5":5,"minecraft:bone":6,"minecraft:apple":6,"minecraft:stone_bricks":1,"minecraft:wheat_seeds":11,"argentinas_delight:membrillo":1,"minecraft:stone_pickaxe":1,"soul_like_armors_reworked:rustysteel_boots":1,"minecraft:moss_block":1,"minecraft:oak_planks":6,"minecraft:sculk":10,"minecraft:dripstone_block":1,"minecraft:amethyst_shard":5,"soul_like_armors_reworked:dark_knight_leggings":1,"minecraft:spruce_sapling":2,"minecraft:grass_block":1,"minecraft:spruce_log":33,"minecraft:mossy_cobblestone":1,"create:crimsite":2,"soul_like_armors_reworked:dark_knight_chestplate":1,"minecraft:diamond":44,"butcher:butchersguidebook":2,"minecraft:coal":167,"minecraft:black_wool":2,"argentinas_delight:cuernodetoro":7,"minecraft:oak_sapling":6},"minecraft:crafted":{"minecraft:oak_planks":76,"minecraft:furnace":1,"minecraft:diamond_helmet":1,"minecraft:diamond_leggings":1,"minecraft:stone_pickaxe":1,"minecraft:diamond_boots":1,"minecraft:crafting_table":4,"minecraft:spruce_planks":28,"minecraft:bucket":1,"minecraft:air":0,"minecraft:shield":1,"minecraft:stick":36,"minecraft:iron_ingot":9,"minecraft:stone_sword":1,"minecraft:torch":96,"minecraft:diamond_chestplate":1},"minecraft:used":{"minecraft:moss_block":225,"minecraft:netherite_sword":71,"minecraft:stone":30,"soul_like_armors_reworked:estusflask":1,"wildberries:raspberry":5,"minecraft:torch":58,"minecraft:big_dripleaf":10,"soul_like_armors_reworked:dagger":3,"minecraft:iron_block":20,"minecraft:grass_block":272,"minecraft:cherry_leaves":1,"minecraft:stone_bricks":20,"minecraft:golden_carrot":16,"minecraft:oak_sapling":5,"minecraft:furnace":3,"minecraft:netherite_pickaxe":257,"minecraft:cobbled_deepslate":7,"minecraft:water_bucket":50,"wildberries:blackberry":4,"minecraft:stone_pickaxe":7,"minecraft:beacon":2,"minecraft:glow_berries":10,"minecraft:mossy_cobblestone":33,"minecraft:tnt":5,"minecraft:crafting_table":5,"argentinas_delight:membrillo":1,"minecraft:purple_stained_glass":4,"minecraft:apple":6,"minecraft:barrier":12,"minecraft:netherite_axe":54,"minecraft:pink_petals":43,"minecraft:fire_charge":5,"minecraft:cobblestone":12,"minecraft:bucket":10,"minecraft:coarse_dirt":1,"minecraft:bone_meal":9,"minecraft:experience_bottle":6},"minecraft:dropped":{"minecraft:water_bucket":2,"minecraft:moss_block":1,"minecraft:wheat_seeds":7,"minecraft:lilac":1,"minecraft:mossy_cobblestone":1,"biomesoplenty:redwood_wood":1,"minecraft:dripstone_block":1,"soul_like_armors_reworked:estusflask":4,"minecraft:barrier":1,"minecraft:feather":1,"minecraft:cobblestone":1,"create:crimsite":2,"argentinas_delight:membrillo":1,"minecraft:disc_fragment_5":5,"soul_like_armors_reworked:rustysteel_boots":1,"minecraft:grass_block":1,"minecraft:coal":1,"minecraft:stick":1,"minecraft:torch":2,"minecraft:potion":1,"minecraft:amethyst_shard":5,"soul_like_armors_reworked:dark_knight_leggings":1,"minecraft:string":1,"minecraft:pink_petals":64,"minecraft:spruce_sapling":2,"minecraft:bone":3,"minecraft:furnace":2,"minecraft:compass":2,"minecraft:stone_sword":2,"minecraft:cobbled_deepslate":3,"minecraft:tuff":9,"minecraft:raw_iron":2,"soul_like_armors_reworked:rustysteel_helmet":1,"minecraft:rotten_flesh":6,"minecraft:purple_stained_glass":1,"minecraft:big_dripleaf":1,"minecraft:stone":1,"minecraft:shield":1,"minecraft:spruce_planks":2,"soul_like_armors_reworked:dagger":2,"minecraft:stone_bricks":1,"minecraft:spruce_log":2,"minecraft:beacon":1,"soul_like_armors_reworked:dark_knight_chestplate":1,"minecraft:stone_pickaxe":2}},"DataVersion":3465}