{"stats":{"minecraft:mined":{"minecraft:spruce_leaves":7,"minecraft:coarse_dirt":1,"minecraft:iron_ore":7,"minecraft:spruce_log":25,"minecraft:grass":1,"minecraft:coal_ore":25,"minecraft:oak_log":21,"biomesoplenty:spider_egg":1,"minecraft:stone":3,"minecraft:oak_leaves":8},"minecraft:killed":{"minecraft:cave_spider":1,"naturalist:butterfly":1,"minecraft:skeleton":1},"minecraft:custom":{"lootr:looted_stat":2,"minecraft:mob_kills":3,"minecraft:interact_with_crafting_table":2,"minecraft:leave_game":2,"minecraft:time_since_death":5232,"minecraft:time_since_rest":5440,"minecraft:sprint_one_cm":219964,"minecraft:damage_taken":1335,"minecraft:walk_one_cm":263972,"minecraft:drop":18,"minecraft:damage_dealt":550,"minecraft:interact_with_beacon":1,"minecraft:swim_one_cm":5871,"minecraft:fly_one_cm":666763,"minecraft:crouch_one_cm":42978,"minecraft:play_time":73069,"minecraft:deaths":12,"minecraft:sneak_time":6293,"minecraft:walk_under_water_one_cm":2430,"minecraft:jump":1417,"minecraft:walk_on_water_one_cm":21794,"minecraft:total_world_time":73069,"minecraft:fall_one_cm":37013},"minecraft:killed_by":{"minecraft:player":1,"minecraft:skeleton":1},"minecraft:picked_up":{"minecraft:pink_petals":149,"minecraft:coarse_dirt":1,"minecraft:barrier":1,"minecraft:water_bucket":1,"minecraft:beacon":1,"minecraft:potion":1,"wildberries:blackberry":26,"minecraft:oak_log":19,"minecraft:purple_stained_glass":1,"minecraft:string":1,"wildberries:raspberry":23,"minecraft:disc_fragment_5":5,"minecraft:compass":2,"minecraft:bone":1,"minecraft:experience_bottle":6,"minecraft:apple":1,"minecraft:stone_bricks":1,"minecraft:wheat_seeds":8,"soul_like_armors_reworked:dagger":2,"minecraft:moss_block":1,"minecraft:oak_planks":6,"minecraft:raw_iron":6,"minecraft:stick":4,"minecraft:stone":1,"minecraft:sculk":10,"minecraft:big_dripleaf":1,"minecraft:amethyst_shard":5,"minecraft:spruce_sapling":1,"minecraft:spruce_log":25,"minecraft:grass_block":1,"minecraft:mossy_cobblestone":1,"soul_like_armors_reworked:estusflask":5,"butcher:butchersguidebook":1,"minecraft:oak_sapling":6,"minecraft:glow_berries":9,"minecraft:coal":25,"minecraft:cobblestone":3},"minecraft:crafted":{"minecraft:oak_planks":76,"minecraft:crafting_table":2,"minecraft:stick":8},"minecraft:used":{"minecraft:moss_block":225,"minecraft:water_bucket":41,"minecraft:netherite_sword":7,"wildberries:blackberry":4,"minecraft:stone":30,"minecraft:beacon":2,"soul_like_armors_reworked:estusflask":1,"wildberries:raspberry":5,"minecraft:glow_berries":1,"minecraft:mossy_cobblestone":33,"minecraft:tnt":5,"minecraft:crafting_table":1,"minecraft:big_dripleaf":10,"minecraft:purple_stained_glass":4,"soul_like_armors_reworked:dagger":3,"minecraft:apple":1,"minecraft:iron_block":20,"minecraft:grass_block":272,"minecraft:barrier":12,"minecraft:netherite_axe":36,"minecraft:cherry_leaves":1,"minecraft:stone_bricks":20,"minecraft:pink_petals":43,"minecraft:fire_charge":5,"minecraft:cobblestone":2,"minecraft:golden_carrot":1,"minecraft:oak_sapling":5,"minecraft:netherite_pickaxe":35,"minecraft:coarse_dirt":1,"minecraft:bone_meal":9,"minecraft:experience_bottle":6},"minecraft:dropped":{"minecraft:compass":2,"minecraft:moss_block":1,"minecraft:wheat_seeds":4,"minecraft:mossy_cobblestone":1,"soul_like_armors_reworked:estusflask":4,"minecraft:barrier":1,"minecraft:disc_fragment_5":5,"minecraft:grass_block":1,"minecraft:purple_stained_glass":1,"minecraft:big_dripleaf":1,"minecraft:stone":1,"soul_like_armors_reworked:dagger":1,"minecraft:potion":1,"minecraft:stone_bricks":1,"minecraft:amethyst_shard":5,"minecraft:beacon":1,"minecraft:pink_petals":64,"minecraft:spruce_sapling":1}},"DataVersion":3465}