{"stats":{"minecraft:killed":{"naturalist:butterfly":1},"minecraft:used":{"minecraft:big_dripleaf":10,"minecraft:purple_stained_glass":4,"minecraft:moss_block":225,"minecraft:water_bucket":41,"soul_like_armors_reworked:dagger":3,"minecraft:apple":1,"wildberries:blackberry":4,"minecraft:iron_block":20,"minecraft:grass_block":272,"minecraft:barrier":12,"minecraft:stone":30,"minecraft:cherry_leaves":1,"minecraft:beacon":2,"soul_like_armors_reworked:estusflask":1,"minecraft:stone_bricks":20,"wildberries:raspberry":5,"minecraft:pink_petals":43,"minecraft:fire_charge":5,"minecraft:mossy_cobblestone":33,"minecraft:tnt":5,"minecraft:crafting_table":1,"minecraft:oak_sapling":5,"minecraft:coarse_dirt":1,"minecraft:bone_meal":9},"minecraft:killed_by":{"minecraft:player":1,"minecraft:skeleton":1},"minecraft:dropped":{"soul_like_armors_reworked:estusflask":4},"minecraft:crafted":{"minecraft:oak_planks":76,"minecraft:crafting_table":2,"minecraft:stick":8},"minecraft:picked_up":{"minecraft:pink_petals":85,"minecraft:stick":4,"minecraft:coarse_dirt":1,"wildberries:blackberry":26,"minecraft:oak_log":19,"wildberries:raspberry":23,"soul_like_armors_reworked:estusflask":5,"minecraft:apple":1,"minecraft:wheat_seeds":4,"butcher:butchersguidebook":1,"soul_like_armors_reworked:dagger":1,"minecraft:oak_sapling":6},"minecraft:custom":{"minecraft:time_since_rest":11567,"lootr:looted_stat":2,"minecraft:sprint_one_cm":197003,"minecraft:damage_taken":1250,"minecraft:walk_one_cm":249359,"minecraft:mob_kills":1,"minecraft:drop":1,"minecraft:damage_dealt":110,"minecraft:interact_with_beacon":1,"minecraft:swim_one_cm":5871,"minecraft:interact_with_crafting_table":2,"minecraft:fly_one_cm":625945,"minecraft:crouch_one_cm":38676,"minecraft:play_time":67245,"minecraft:deaths":11,"minecraft:sneak_time":5732,"minecraft:walk_under_water_one_cm":2430,"minecraft:jump":1248,"minecraft:leave_game":2,"minecraft:walk_on_water_one_cm":21658,"minecraft:time_since_death":11545,"minecraft:total_world_time":67245,"minecraft:fall_one_cm":34612},"minecraft:mined":{"minecraft:coarse_dirt":1,"minecraft:grass":1,"minecraft:oak_log":21,"minecraft:oak_leaves":8}},"DataVersion":3465}