{"stats":{"minecraft:picked_up":{"minecraft:sea_pickle":3,"minecraft:light_gray_wool":1,"minecraft:mutton":4,"minecraft:white_wool":2},"minecraft:killed":{"minecraft:sheep":3},"minecraft:dropped":{"minecraft:light_gray_wool":1,"minecraft:sea_pickle":3,"minecraft:mutton":4,"minecraft:white_wool":2},"minecraft:used":{"soul_like_armors_reworked:dagger":9},"minecraft:custom":{"minecraft:time_since_rest":15290,"minecraft:sprint_one_cm":2853,"minecraft:crouch_one_cm":100,"lootr:looted_stat":9,"minecraft:play_time":15290,"minecraft:walk_one_cm":25628,"minecraft:sneak_time":135,"minecraft:mob_kills":3,"minecraft:drop":10,"minecraft:jump":22,"minecraft:damage_dealt":240,"minecraft:leave_game":3,"minecraft:time_since_death":15290,"minecraft:total_world_time":15290,"minecraft:fly_one_cm":575791}},"DataVersion":3465}