{"stats":{"minecraft:killed":{"minecraft:skeleton":1,"minecraft:zombie":1},"minecraft:crafted":{"minecraft:cherry_planks":28,"minecraft:crafting_table":1,"minecraft:spruce_planks":8,"minecraft:stick":4,"minecraft:iron_ingot":13,"minecraft:wooden_pickaxe":1,"minecraft:stone_pickaxe":1,"minecraft:furnace":1,"minecraft:torch":8,"minecraft:air":0},"minecraft:killed_by":{"minecraft:zombie":1},"minecraft:used":{"soul_like_armors_reworked:dagger":8,"minecraft:stone_pickaxe":57,"minecraft:wooden_pickaxe":9,"minecraft:torch":3,"minecraft:cobblestone":8,"minecraft:crafting_table":1,"minecraft:furnace":1},"minecraft:custom":{"minecraft:time_since_rest":14239,"minecraft:interact_with_furnace":4,"minecraft:sprint_one_cm":57842,"minecraft:damage_taken":350,"minecraft:walk_one_cm":104192,"minecraft:mob_kills":3,"minecraft:damage_dealt":305,"minecraft:interact_with_crafting_table":5,"minecraft:fly_one_cm":79697,"minecraft:crouch_one_cm":1884,"minecraft:play_time":23243,"minecraft:deaths":1,"minecraft:sneak_time":432,"minecraft:jump":414,"minecraft:leave_game":1,"minecraft:walk_on_water_one_cm":1624,"minecraft:time_since_death":14199,"minecraft:total_world_time":23243,"minecraft:fall_one_cm":9150},"minecraft:picked_up":{"minecraft:raw_iron":15,"minecraft:pink_petals":11,"minecraft:stick":2,"minecraft:cherry_log":7,"minecraft:spruce_sapling":1,"minecraft:spruce_log":2,"minecraft:dirt":1,"minecraft:bone":1,"minecraft:arrow":1,"minecraft:rotten_flesh":2,"minecraft:wheat_seeds":1,"minecraft:coal":16,"minecraft:cobblestone":31},"minecraft:mined":{"minecraft:iron_ore":16,"minecraft:cherry_log":7,"minecraft:spruce_log":2,"minecraft:coal_ore":17,"minecraft:dirt":1,"minecraft:cobblestone":1,"minecraft:spruce_leaves":15,"minecraft:stone":31}},"DataVersion":3465}