{"stats":{"minecraft:killed":{"naturalist:robin":2,"minecraft:sheep":6,"minecraft:skeleton":2,"minecraft:zombie":1},"minecraft:dropped":{"minecraft:feather":2,"minecraft:rotten_flesh":2,"minecraft:spruce_stairs":6,"brewery:corn_seeds":2,"beautify:hanging_pot":1,"minecraft:leather_helmet":2,"minecraft:item_frame":4,"minecraft:dirt":1,"minecraft:leather_chestplate":1,"minecraft:rose_bush":16,"minecraft:leather_leggings":1,"minecraft:writable_book":1,"minecraft:wooden_pickaxe":2,"minecraft:stone_pickaxe":1,"minecraft:iron_shovel":2,"minecraft:white_wool":3,"minecraft:bone":4,"minecraft:black_wool":2,"minecraft:armor_stand":1},"minecraft:crafted":{"minecraft:cherry_planks":28,"minecraft:crafting_table":1,"minecraft:spruce_planks":8,"minecraft:wooden_pickaxe":1,"minecraft:iron_sword":1,"minecraft:furnace":2,"minecraft:cooked_mutton":10,"minecraft:air":0,"minecraft:iron_chestplate":1,"minecraft:shield":1,"minecraft:stick":24,"minecraft:iron_ingot":15,"minecraft:iron_pickaxe":1,"minecraft:stone_pickaxe":1,"minecraft:torch":64},"minecraft:killed_by":{"minecraft:zombie":1},"minecraft:custom":{"lootr:looted_stat":6,"minecraft:interact_with_furnace":18,"minecraft:mob_kills":12,"minecraft:interact_with_crafting_table":19,"minecraft:eat_cake_slice":4,"minecraft:leave_game":2,"minecraft:time_since_death":67834,"minecraft:climb_one_cm":3815,"minecraft:time_since_rest":67874,"minecraft:waystone_activated":1,"minecraft:sprint_one_cm":291348,"minecraft:damage_taken":829,"minecraft:walk_one_cm":496918,"minecraft:drop":28,"minecraft:damage_dealt":1120,"minecraft:swim_one_cm":419,"minecraft:talked_to_villager":5,"minecraft:fly_one_cm":174017,"minecraft:crouch_one_cm":2078,"minecraft:play_time":76878,"minecraft:deaths":1,"minecraft:sneak_time":581,"minecraft:walk_under_water_one_cm":697,"minecraft:jump":1406,"minecraft:walk_on_water_one_cm":9303,"minecraft:total_world_time":76878,"minecraft:fall_one_cm":28266},"minecraft:used":{"minecraft:cooked_mutton":10,"minecraft:stone_pickaxe":82,"minecraft:wooden_pickaxe":19,"minecraft:iron_sword":23,"soul_like_armors_reworked:estusflask":1,"minecraft:cookie":2,"minecraft:torch":3,"minecraft:dirt":2,"minecraft:crafting_table":4,"minecraft:cake":1,"soul_like_armors_reworked:dagger":8,"minecraft:iron_pickaxe":35,"minecraft:pink_petals":2,"minecraft:cobblestone":8,"minecraft:furnace":3,"minecraft:experience_bottle":1},"minecraft:picked_up":{"biomesoplenty:lavender":3,"minecraft:leather_chestplate":1,"minecraft:pink_petals":11,"minecraft:crafting_table":4,"minecraft:feather":2,"minecraft:cooked_beef":1,"minecraft:leather_leggings":1,"minecraft:brown_wool":1,"minecraft:golden_leggings":1,"minecraft:wooden_pickaxe":1,"minecraft:enchanted_book":1,"minecraft:oak_log":3,"minecraft:dirt":17,"minecraft:lantern":1,"minecraft:experience_bottle":1,"minecraft:armor_stand":4,"minecraft:item_frame":4,"minecraft:iron_shovel":3,"minecraft:bone":6,"minecraft:bow":1,"minecraft:wheat_seeds":2,"minecraft:cooked_chicken":1,"minecraft:stone_pickaxe":1,"minecraft:rose_bush":16,"minecraft:iron_pickaxe":1,"minecraft:iron_sword":1,"minecraft:golden_helmet":1,"minecraft:furnace":2,"minecraft:raw_iron":15,"minecraft:stick":2,"minecraft:torch":3,"minecraft:spruce_stairs":6,"minecraft:cake":1,"minecraft:cookie":2,"minecraft:cherry_log":7,"minecraft:spruce_sapling":1,"minecraft:spruce_log":2,"minecraft:leather_helmet":2,"minecraft:firework_rocket":1,"minecraft:arrow":2,"minecraft:rotten_flesh":2,"minecraft:writable_book":1,"minecraft:diamond_boots":1,"minecraft:emerald":1,"minecraft:black_wool":2,"minecraft:mutton":10,"minecraft:coal":50,"minecraft:skeleton_skull":1,"minecraft:white_wool":3,"minecraft:cobblestone":31,"minecraft:ender_pearl":1},"minecraft:mined":{"minecraft:cherry_log":7,"minecraft:crafting_table":4,"minecraft:grass_block":15,"minecraft:cobblestone":1,"minecraft:spruce_leaves":15,"minecraft:wall_torch":3,"minecraft:spruce_stairs":5,"minecraft:skeleton_skull":1,"minecraft:furnace":3,"minecraft:iron_ore":16,"biomesoplenty:lavender":3,"minecraft:spruce_log":2,"minecraft:coal_ore":42,"minecraft:dirt_path":1,"minecraft:lantern":1,"minecraft:dirt":4,"minecraft:stone_bricks":1,"minecraft:stone":31,"minecraft:cake":2}},"DataVersion":3465}