{"stats":{"minecraft:mined":{"minecraft:iron_ore":14,"minecraft:cherry_log":7,"minecraft:spruce_log":2,"minecraft:coal_ore":8,"minecraft:spruce_leaves":15,"minecraft:stone":21},"minecraft:killed":{"minecraft:skeleton":1,"minecraft:zombie":1},"minecraft:custom":{"minecraft:time_since_rest":9506,"minecraft:interact_with_furnace":3,"minecraft:sprint_one_cm":57842,"minecraft:damage_taken":350,"minecraft:walk_one_cm":90030,"minecraft:mob_kills":3,"minecraft:damage_dealt":305,"minecraft:interact_with_crafting_table":5,"minecraft:fly_one_cm":79671,"minecraft:crouch_one_cm":689,"minecraft:play_time":18510,"minecraft:deaths":1,"minecraft:sneak_time":104,"minecraft:jump":354,"minecraft:leave_game":1,"minecraft:walk_on_water_one_cm":1624,"minecraft:time_since_death":9466,"minecraft:total_world_time":18510,"minecraft:fall_one_cm":7180},"minecraft:killed_by":{"minecraft:zombie":1},"minecraft:picked_up":{"minecraft:pink_petals":11,"minecraft:stick":2,"minecraft:raw_iron":13,"minecraft:cherry_log":7,"minecraft:spruce_sapling":1,"minecraft:spruce_log":2,"minecraft:bone":1,"minecraft:arrow":1,"minecraft:rotten_flesh":2,"minecraft:wheat_seeds":1,"minecraft:coal":8,"minecraft:cobblestone":21},"minecraft:used":{"soul_like_armors_reworked:dagger":8,"minecraft:stone_pickaxe":34,"minecraft:wooden_pickaxe":9,"minecraft:torch":2,"minecraft:crafting_table":1,"minecraft:furnace":1},"minecraft:crafted":{"minecraft:cherry_planks":28,"minecraft:crafting_table":1,"minecraft:spruce_planks":8,"minecraft:stick":4,"minecraft:wooden_pickaxe":1,"minecraft:stone_pickaxe":1,"minecraft:furnace":1,"minecraft:torch":8}},"DataVersion":3465}