{"stats":{"minecraft:killed":{"minecraft:skeleton":2,"minecraft:zombie":1,"naturalist:robin":2,"minecraft:sheep":6},"minecraft:dropped":{"minecraft:rotten_flesh":2},"minecraft:crafted":{"minecraft:cherry_planks":28,"minecraft:iron_chestplate":1,"minecraft:shield":1,"minecraft:crafting_table":1,"minecraft:spruce_planks":8,"minecraft:stick":24,"minecraft:wooden_pickaxe":1,"minecraft:iron_ingot":15,"minecraft:iron_pickaxe":1,"minecraft:stone_pickaxe":1,"minecraft:iron_sword":1,"minecraft:furnace":2,"minecraft:torch":64,"minecraft:cooked_mutton":5,"minecraft:air":0},"minecraft:killed_by":{"minecraft:zombie":1},"minecraft:used":{"soul_like_armors_reworked:dagger":8,"minecraft:stone_pickaxe":82,"minecraft:iron_pickaxe":8,"minecraft:wooden_pickaxe":19,"minecraft:iron_sword":17,"soul_like_armors_reworked:estusflask":1,"minecraft:pink_petals":2,"minecraft:torch":3,"minecraft:cobblestone":8,"minecraft:crafting_table":3,"minecraft:furnace":2,"minecraft:cooked_mutton":5},"minecraft:custom":{"minecraft:time_since_rest":37874,"minecraft:interact_with_furnace":14,"minecraft:sprint_one_cm":113280,"minecraft:damage_taken":555,"minecraft:walk_one_cm":288992,"minecraft:mob_kills":12,"minecraft:drop":1,"minecraft:damage_dealt":1107,"minecraft:interact_with_crafting_table":17,"minecraft:fly_one_cm":109092,"minecraft:crouch_one_cm":2044,"minecraft:play_time":46878,"minecraft:deaths":1,"minecraft:sneak_time":450,"minecraft:jump":1011,"minecraft:leave_game":2,"minecraft:time_since_death":37834,"minecraft:walk_on_water_one_cm":1624,"minecraft:total_world_time":46878,"minecraft:fall_one_cm":21150},"minecraft:picked_up":{"biomesoplenty:lavender":3,"minecraft:crafting_table":3,"minecraft:pink_petals":11,"minecraft:stick":2,"minecraft:raw_iron":15,"minecraft:feather":2,"minecraft:brown_wool":1,"minecraft:torch":3,"minecraft:cherry_log":7,"minecraft:spruce_sapling":1,"minecraft:spruce_log":2,"minecraft:dirt":14,"minecraft:bone":2,"minecraft:arrow":2,"minecraft:rotten_flesh":2,"minecraft:wheat_seeds":2,"minecraft:skeleton_skull":1,"minecraft:furnace":1,"minecraft:black_wool":2,"minecraft:mutton":10,"minecraft:coal":50,"minecraft:white_wool":3,"minecraft:cobblestone":31},"minecraft:mined":{"minecraft:furnace":2,"minecraft:iron_ore":16,"minecraft:cherry_log":7,"biomesoplenty:lavender":3,"minecraft:spruce_log":2,"minecraft:crafting_table":3,"minecraft:grass_block":12,"minecraft:coal_ore":42,"minecraft:dirt":2,"minecraft:cobblestone":1,"minecraft:spruce_leaves":15,"minecraft:stone":31,"minecraft:skeleton_skull":1,"minecraft:wall_torch":3}},"DataVersion":3465}