{"stats":{"minecraft:killed":{"naturalist:robin":2,"minecraft:sheep":6,"minecraft:skeleton":2,"minecraft:zombie":1},"minecraft:dropped":{"minecraft:rotten_flesh":2},"minecraft:crafted":{"minecraft:cherry_planks":28,"minecraft:crafting_table":1,"minecraft:spruce_planks":8,"minecraft:wooden_pickaxe":1,"minecraft:iron_sword":1,"minecraft:furnace":2,"minecraft:cooked_mutton":10,"minecraft:air":0,"minecraft:iron_chestplate":1,"minecraft:shield":1,"minecraft:stick":24,"minecraft:iron_ingot":15,"minecraft:iron_pickaxe":1,"minecraft:stone_pickaxe":1,"minecraft:torch":64},"minecraft:killed_by":{"minecraft:zombie":1},"minecraft:custom":{"lootr:looted_stat":2,"minecraft:interact_with_furnace":18,"minecraft:mob_kills":12,"minecraft:interact_with_crafting_table":19,"minecraft:leave_game":2,"minecraft:time_since_death":49834,"minecraft:climb_one_cm":600,"minecraft:time_since_rest":49874,"minecraft:waystone_activated":1,"minecraft:sprint_one_cm":192152,"minecraft:damage_taken":665,"minecraft:walk_one_cm":359973,"minecraft:drop":1,"minecraft:damage_dealt":1120,"minecraft:swim_one_cm":419,"minecraft:talked_to_villager":5,"minecraft:fly_one_cm":142026,"minecraft:crouch_one_cm":2044,"minecraft:play_time":58878,"minecraft:deaths":1,"minecraft:sneak_time":450,"minecraft:walk_under_water_one_cm":57,"minecraft:jump":1206,"minecraft:walk_on_water_one_cm":6521,"minecraft:total_world_time":58878,"minecraft:fall_one_cm":26402},"minecraft:used":{"minecraft:cooked_mutton":7,"minecraft:stone_pickaxe":82,"minecraft:wooden_pickaxe":19,"minecraft:iron_sword":17,"soul_like_armors_reworked:estusflask":1,"minecraft:torch":3,"minecraft:crafting_table":4,"soul_like_armors_reworked:dagger":8,"minecraft:iron_pickaxe":16,"minecraft:pink_petals":2,"minecraft:cobblestone":8,"minecraft:furnace":3},"minecraft:picked_up":{"biomesoplenty:lavender":3,"minecraft:pink_petals":11,"minecraft:crafting_table":4,"minecraft:feather":2,"minecraft:brown_wool":1,"minecraft:dirt":15,"minecraft:lantern":1,"minecraft:item_frame":1,"minecraft:iron_shovel":1,"minecraft:bone":2,"minecraft:wheat_seeds":2,"minecraft:rose_bush":16,"minecraft:iron_pickaxe":1,"minecraft:furnace":2,"minecraft:raw_iron":15,"minecraft:stick":2,"minecraft:torch":3,"minecraft:cherry_log":7,"minecraft:spruce_sapling":1,"minecraft:spruce_log":2,"minecraft:arrow":2,"minecraft:rotten_flesh":2,"minecraft:black_wool":2,"minecraft:mutton":10,"minecraft:coal":50,"minecraft:skeleton_skull":1,"minecraft:white_wool":3,"minecraft:cobblestone":31},"minecraft:mined":{"minecraft:cherry_log":7,"minecraft:crafting_table":4,"minecraft:grass_block":13,"minecraft:cobblestone":1,"minecraft:spruce_leaves":15,"minecraft:wall_torch":3,"minecraft:spruce_stairs":1,"minecraft:skeleton_skull":1,"minecraft:furnace":3,"minecraft:iron_ore":16,"biomesoplenty:lavender":3,"minecraft:spruce_log":2,"minecraft:coal_ore":42,"minecraft:lantern":1,"minecraft:dirt":2,"minecraft:stone_bricks":1,"minecraft:stone":31}},"DataVersion":3465}