{"stats":{"minecraft:killed":{"minecraft:skeleton":1,"minecraft:zombie":1,"naturalist:robin":2},"minecraft:dropped":{"minecraft:rotten_flesh":2},"minecraft:crafted":{"minecraft:cherry_planks":28,"minecraft:iron_chestplate":1,"minecraft:crafting_table":1,"minecraft:spruce_planks":8,"minecraft:stick":24,"minecraft:iron_ingot":15,"minecraft:wooden_pickaxe":1,"minecraft:iron_pickaxe":1,"minecraft:stone_pickaxe":1,"minecraft:iron_sword":1,"minecraft:furnace":1,"minecraft:torch":64,"minecraft:air":0},"minecraft:killed_by":{"minecraft:zombie":1},"minecraft:used":{"soul_like_armors_reworked:dagger":8,"minecraft:stone_pickaxe":82,"minecraft:iron_pickaxe":1,"minecraft:wooden_pickaxe":19,"minecraft:iron_sword":2,"minecraft:torch":3,"minecraft:cobblestone":8,"minecraft:crafting_table":1,"minecraft:furnace":1},"minecraft:custom":{"minecraft:time_since_rest":26936,"minecraft:interact_with_furnace":7,"minecraft:sprint_one_cm":57842,"minecraft:damage_taken":410,"minecraft:walk_one_cm":202813,"minecraft:mob_kills":5,"minecraft:drop":1,"minecraft:damage_dealt":425,"minecraft:interact_with_crafting_table":12,"minecraft:fly_one_cm":79959,"minecraft:crouch_one_cm":1930,"minecraft:play_time":35940,"minecraft:deaths":1,"minecraft:sneak_time":444,"minecraft:jump":708,"minecraft:leave_game":2,"minecraft:walk_on_water_one_cm":1624,"minecraft:time_since_death":26896,"minecraft:total_world_time":35940,"minecraft:fall_one_cm":17261},"minecraft:picked_up":{"minecraft:crafting_table":1,"minecraft:raw_iron":15,"minecraft:pink_petals":11,"minecraft:stick":2,"minecraft:feather":2,"minecraft:torch":3,"minecraft:cherry_log":7,"minecraft:spruce_sapling":1,"minecraft:spruce_log":2,"minecraft:dirt":10,"minecraft:bone":1,"minecraft:arrow":1,"minecraft:rotten_flesh":2,"minecraft:wheat_seeds":1,"minecraft:coal":41,"minecraft:cobblestone":31},"minecraft:mined":{"minecraft:furnace":1,"minecraft:iron_ore":16,"minecraft:cherry_log":7,"minecraft:spruce_log":2,"minecraft:crafting_table":1,"minecraft:grass_block":8,"minecraft:coal_ore":42,"minecraft:dirt":2,"minecraft:cobblestone":1,"minecraft:spruce_leaves":15,"minecraft:stone":31,"minecraft:wall_torch":3}},"DataVersion":3465}