{"stats":{"minecraft:killed":{"minecraft:pig":1,"naturalist:snake":1,"minecraft:skeleton":1},"minecraft:dropped":{"epicfight:iron_tachi":1,"minecraft:wooden_pickaxe":1},"minecraft:crafted":{"minecraft:crafting_table":2,"minecraft:spruce_planks":28,"minecraft:wooden_pickaxe":1,"minecraft:stone_axe":1,"minecraft:stick":4,"minecraft:stone_pickaxe":1},"minecraft:broken":{"soul_like_armors_reworked:rustysteel_helmet":1},"minecraft:custom":{"lootr:looted_stat":1,"minecraft:mob_kills":3,"minecraft:interact_with_crafting_table":6,"minecraft:leave_game":16,"minecraft:time_since_death":79618,"minecraft:climb_one_cm":1106,"minecraft:time_since_rest":79669,"minecraft:sprint_one_cm":134878,"minecraft:damage_taken":326,"minecraft:walk_one_cm":842547,"minecraft:drop":2,"minecraft:damage_dealt":1654,"minecraft:talked_to_villager":1,"minecraft:fly_one_cm":3201447,"minecraft:player_kills":2,"minecraft:open_chest":1,"minecraft:crouch_one_cm":15506,"minecraft:play_time":362125,"minecraft:deaths":6,"minecraft:sneak_time":3001,"minecraft:walk_under_water_one_cm":1432,"minecraft:jump":1222,"minecraft:walk_on_water_one_cm":24851,"minecraft:total_world_time":362125,"minecraft:fall_one_cm":7693},"minecraft:used":{"minecraft:moss_block":14,"minecraft:cherry_sapling":3,"wildberries:strawberry":5,"minecraft:stone_pickaxe":32,"minecraft:wooden_pickaxe":45,"minecraft:stone":7,"minecraft:grass":1,"soul_like_armors_reworked:estusflask":2,"minecraft:cracked_stone_bricks":25,"minecraft:mossy_cobblestone":2,"minecraft:dirt":275,"minecraft:crafting_table":2,"argentinas_delight:membrillo":1,"epicfight:iron_tachi":10,"soul_like_armors_reworked:dagger":16,"minecraft:lantern":1,"minecraft:grass_block":213,"minecraft:barrier":29,"minecraft:spruce_sapling":1,"minecraft:stone_bricks":3,"minecraft:stone_axe":2,"soul_like_armors_reworked:darkmoongreatsword":10,"minecraft:pink_petals":332,"minecraft:white_banner":7,"minecraft:bone_meal":36,"minecraft:splash_potion":5},"minecraft:picked_up":{"minecraft:pink_petals":82,"minecraft:crafting_table":1,"minecraft:barrier":1,"minecraft:wooden_pickaxe":1,"minecraft:tuff":9,"minecraft:oak_log":2,"minecraft:dirt":1,"minecraft:lantern":5,"minecraft:white_banner":9,"wildberries:strawberry":33,"minecraft:bone":4,"minecraft:wheat_seeds":3,"argentinas_delight:membrillo":3,"minecraft:cobbled_deepslate":3,"soul_like_armors_reworked:dagger":1,"biomesoplenty:redwood_wood":1,"minecraft:stick":9,"minecraft:raw_iron":13,"minecraft:pumpkin":2,"minecraft:spruce_stairs":1,"minecraft:porkchop":2,"soul_like_armors_reworked:dark_knight_leggings":1,"minecraft:spruce_sapling":1,"minecraft:spruce_log":7,"soul_like_armors_reworked:rustysteel_helmet":1,"soul_like_armors_reworked:estusflask":5,"minecraft:arrow":2,"soul_like_armors_reworked:dark_knight_chestplate":1,"minecraft:rotten_flesh":1,"butcher:butchersguidebook":1,"minecraft:cherry_sapling":4,"minecraft:coal":7,"minecraft:cobblestone":56},"minecraft:mined":{"argentinas_delight:brotemembrillo":1,"minecraft:crafting_table":1,"minecraft:grass_block":1,"minecraft:spruce_leaves":1,"minecraft:iron_ore":10,"minecraft:spruce_log":7,"minecraft:pumpkin":2,"minecraft:grass":1,"minecraft:coal_ore":7,"minecraft:stone":57}},"DataVersion":3465}