{"stats":{"minecraft:used":{"minecraft:stone_bricks":3,"minecraft:moss_block":14,"minecraft:pink_petals":1,"minecraft:mossy_cobblestone":2,"minecraft:dirt":3,"minecraft:grass_block":91,"minecraft:barrier":1,"minecraft:stone":6,"minecraft:splash_potion":5},"minecraft:picked_up":{"minecraft:pink_petals":7,"minecraft:stick":2,"minecraft:wheat_seeds":2,"minecraft:oak_log":1},"minecraft:custom":{"minecraft:time_since_rest":7139,"minecraft:crouch_one_cm":615,"minecraft:play_time":85081,"lootr:looted_stat":1,"minecraft:sprint_one_cm":27369,"minecraft:deaths":5,"minecraft:damage_taken":20,"minecraft:walk_one_cm":264736,"minecraft:sneak_time":603,"minecraft:walk_under_water_one_cm":1284,"minecraft:jump":292,"minecraft:leave_game":1,"minecraft:time_since_death":7077,"minecraft:walk_on_water_one_cm":12214,"minecraft:total_world_time":85081,"minecraft:talked_to_villager":1,"minecraft:fall_one_cm":2216,"minecraft:fly_one_cm":1356969}},"DataVersion":3465}