{"stats":{"minecraft:killed":{"minecraft:skeleton":1},"minecraft:custom":{"minecraft:time_since_rest":36019,"lootr:looted_stat":1,"minecraft:sprint_one_cm":91492,"minecraft:damage_taken":136,"minecraft:walk_one_cm":612415,"minecraft:mob_kills":1,"minecraft:drop":1,"minecraft:damage_dealt":1121,"minecraft:talked_to_villager":1,"minecraft:fly_one_cm":2793806,"minecraft:player_kills":2,"minecraft:crouch_one_cm":14602,"minecraft:play_time":318475,"minecraft:deaths":6,"minecraft:sneak_time":2487,"minecraft:walk_under_water_one_cm":1432,"minecraft:jump":776,"minecraft:leave_game":15,"minecraft:walk_on_water_one_cm":23882,"minecraft:time_since_death":35968,"minecraft:total_world_time":318475,"minecraft:fall_one_cm":3497},"minecraft:picked_up":{"minecraft:pink_petals":82,"minecraft:stick":7,"minecraft:barrier":1,"minecraft:spruce_stairs":1,"minecraft:oak_log":2,"minecraft:lantern":5,"minecraft:white_banner":9,"soul_like_armors_reworked:estusflask":5,"minecraft:arrow":1,"minecraft:bone":2,"minecraft:wheat_seeds":3,"butcher:butchersguidebook":1,"minecraft:cherry_sapling":4,"soul_like_armors_reworked:dagger":1},"minecraft:used":{"minecraft:moss_block":14,"minecraft:cherry_sapling":3,"minecraft:lantern":1,"minecraft:grass_block":213,"minecraft:barrier":29,"minecraft:stone":7,"minecraft:grass":1,"minecraft:stone_bricks":3,"minecraft:cracked_stone_bricks":25,"minecraft:pink_petals":332,"soul_like_armors_reworked:darkmoongreatsword":10,"minecraft:mossy_cobblestone":2,"minecraft:dirt":275,"minecraft:white_banner":7,"minecraft:bone_meal":36,"minecraft:splash_potion":5,"epicfight:iron_tachi":10},"minecraft:dropped":{"epicfight:iron_tachi":1}},"DataVersion":3465}