{"stats":{"minecraft:killed":{"minecraft:spider":2,"naturalist:duck":2,"minecraft:skeleton":1,"naturalist:bass":2,"minecraft:pig":1,"naturalist:snake":1,"minecraft:rabbit":1,"minecraft:sheep":1,"minecraft:zombie":2,"minecraft:cow":5},"minecraft:crafted":{"minecraft:bone_meal":6,"minecraft:stone_pickaxe":1,"minecraft:wheat":18,"minecraft:cooked_beef":8,"minecraft:crafting_table":2,"minecraft:spruce_planks":28,"minecraft:wooden_pickaxe":1,"minecraft:stone_axe":1,"minecraft:bread":9,"minecraft:air":0,"minecraft:stick":4},"minecraft:dropped":{"minecraft:enchanted_book":1,"minecraft:wheat_seeds":18,"soul_like_armors_reworked:rustysteelmace":1,"argentinas_delight:membrillo":2,"minecraft:spruce_stairs":2,"naturalist:bass":2,"minecraft:rabbit":1,"farmersdelight:organic_compost":20,"farmersdelight:onion":1,"minecraft:pumpkin":2,"epicfight:iron_tachi":1,"minecraft:paper":1,"minecraft:stone_axe":2,"minecraft:stone_sword":2,"minecraft:wheat":2,"minecraft:azure_bluet":3,"beautify:hanging_pot":1,"minecraft:poppy":1,"minecraft:arrow":1,"minecraft:wooden_pickaxe":1},"minecraft:killed_by":{"minecraft:zombie":1},"minecraft:broken":{"soul_like_armors_reworked:dark_knight_chestplate":1,"soul_like_armors_reworked:rustysteel_helmet":1},"minecraft:custom":{"lootr:looted_stat":6,"minecraft:mob_kills":18,"minecraft:interact_with_crafting_table":8,"minecraft:eat_cake_slice":2,"minecraft:leave_game":16,"minecraft:time_since_death":34454,"minecraft:climb_one_cm":1106,"minecraft:sprint_one_cm":362044,"minecraft:walk_one_cm":1127967,"minecraft:drop":25,"minecraft:talked_to_villager":4,"minecraft:play_time":404125,"minecraft:deaths":7,"minecraft:sneak_time":3625,"minecraft:walk_under_water_one_cm":14443,"minecraft:jump":1610,"minecraft:walk_on_water_one_cm":52941,"minecraft:total_world_time":404125,"minecraft:interact_with_furnace":7,"minecraft:time_since_rest":34522,"minecraft:waystone_activated":1,"minecraft:damage_taken":794,"minecraft:damage_dealt":3412,"minecraft:swim_one_cm":21728,"minecraft:fly_one_cm":3345048,"minecraft:player_kills":2,"minecraft:open_chest":1,"minecraft:crouch_one_cm":17444,"minecraft:fall_one_cm":15106},"minecraft:used":{"minecraft:moss_block":14,"minecraft:cherry_sapling":3,"minecraft:stone_sword":3,"wildberries:strawberry":33,"minecraft:stone":7,"soul_like_armors_reworked:darkknightsword":2,"soul_like_armors_reworked:estusflask":2,"minecraft:grass":1,"minecraft:cooked_chicken":1,"wildberries:raspberry":7,"minecraft:dirt":275,"soul_like_armors_reworked:dagger":67,"minecraft:lantern":1,"minecraft:grass_block":213,"minecraft:stone_bricks":3,"minecraft:stone_pickaxe":55,"minecraft:wooden_pickaxe":45,"minecraft:cracked_stone_bricks":25,"minecraft:mossy_cobblestone":2,"minecraft:crafting_table":4,"argentinas_delight:membrillo":15,"epicfight:iron_tachi":10,"minecraft:barrier":29,"minecraft:spruce_sapling":1,"minecraft:stone_axe":17,"minecraft:pink_petals":332,"soul_like_armors_reworked:darkmoongreatsword":10,"minecraft:white_banner":7,"minecraft:splash_potion":5,"minecraft:bone_meal":36,"minecraft:experience_bottle":1},"minecraft:picked_up":{"minecraft:crafting_table":5,"minecraft:allium":12,"minecraft:wheat":11,"minecraft:azure_bluet":3,"minecraft:flower_pot":1,"minecraft:wooden_pickaxe":1,"minecraft:enchanted_book":1,"soul_like_armors_reworked:darkknightsword":1,"wildberries:raspberry":35,"wildberries:strawberry":38,"minecraft:experience_bottle":1,"minecraft:cobbled_deepslate":3,"minecraft:beef":11,"soul_like_armors_reworked:dagger":1,"minecraft:poppy":1,"biomesoplenty:redwood_wood":1,"farmersdelight:cabbage_seeds":5,"minecraft:raw_iron":18,"minecraft:stick":9,"naturalist:duck":2,"minecraft:spruce_stairs":4,"minecraft:porkchop":2,"farmersdelight:tomato_seeds":3,"soul_like_armors_reworked:rustysteel_helmet":1,"minecraft:carrot":6,"soul_like_armors_reworked:estusflask":5,"minecraft:arrow":2,"minecraft:stone_sword":2,"minecraft:rotten_flesh":5,"minecraft:hay_block":2,"minecraft:red_tulip":6,"minecraft:mutton":1,"minecraft:cobblestone":59,"minecraft:white_wool":1,"minecraft:pink_petals":82,"minecraft:barrier":1,"minecraft:feather":3,"minecraft:cooked_beef":3,"minecraft:leather":4,"minecraft:tuff":9,"minecraft:oak_log":2,"minecraft:dirt":4,"minecraft:paper":1,"minecraft:lantern":5,"minecraft:white_banner":9,"naturalist:bass":2,"farmersdelight:organic_compost":20,"minecraft:bone":4,"minecraft:bow":1,"minecraft:wheat_seeds":26,"argentinas_delight:membrillo":5,"minecraft:rabbit_hide":1,"minecraft:cooked_chicken":1,"minecraft:rabbit":1,"minecraft:iron_sword":1,"minecraft:pumpkin":2,"soul_like_armors_reworked:dark_knight_leggings":1,"minecraft:spruce_sapling":1,"minecraft:spruce_log":7,"argentinas_delight:yerbamate":1,"soul_like_armors_reworked:rustysteelmace":1,"minecraft:spider_eye":1,"soul_like_armors_reworked:dark_knight_chestplate":1,"minecraft:stone_axe":1,"butcher:butchersguidebook":1,"minecraft:cherry_sapling":4,"minecraft:bone_meal":9,"minecraft:emerald":2,"minecraft:coal":7},"minecraft:mined":{"minecraft:allium":7,"minecraft:grass_block":3,"minecraft:spruce_leaves":1,"minecraft:hay_block":2,"minecraft:carrots":1,"minecraft:iron_ore":15,"minecraft:pumpkin":2,"wildberries:strawberry_bush":1,"minecraft:azure_bluet":3,"minecraft:red_tulip":6,"biomesoplenty:barley":13,"minecraft:stone":57,"argentinas_delight:brotemembrillo":1,"farmersdelight:organic_compost":10,"minecraft:crafting_table":3,"minecraft:poppy":1,"biomesoplenty:high_grass_plant":3,"minecraft:spruce_stairs":2,"minecraft:wheat":12,"minecraft:spruce_log":7,"minecraft:grass":21,"minecraft:coal_ore":7,"minecraft:flower_pot":1,"minecraft:dirt":1}},"DataVersion":3465}