{"stats":{"minecraft:custom":{"minecraft:time_since_rest":12115,"minecraft:crouch_one_cm":646,"minecraft:sprint_one_cm":27688,"lootr:looted_stat":1,"minecraft:play_time":90057,"minecraft:damage_taken":20,"minecraft:deaths":5,"minecraft:walk_one_cm":267467,"minecraft:sneak_time":650,"minecraft:walk_under_water_one_cm":1284,"minecraft:jump":301,"minecraft:leave_game":2,"minecraft:walk_on_water_one_cm":12214,"minecraft:time_since_death":12053,"minecraft:total_world_time":90057,"minecraft:talked_to_villager":1,"minecraft:fall_one_cm":2216,"minecraft:fly_one_cm":1393617},"minecraft:picked_up":{"minecraft:pink_petals":7,"minecraft:stick":2,"minecraft:wheat_seeds":2,"minecraft:oak_log":1},"minecraft:used":{"minecraft:stone_bricks":3,"minecraft:moss_block":14,"minecraft:pink_petals":1,"minecraft:mossy_cobblestone":2,"minecraft:dirt":3,"minecraft:grass_block":91,"minecraft:barrier":1,"minecraft:stone":6,"minecraft:splash_potion":5}},"DataVersion":3465}