{"stats":{"minecraft:killed":{"minecraft:skeleton":1},"minecraft:dropped":{"epicfight:iron_tachi":1},"minecraft:crafted":{"minecraft:crafting_table":2,"minecraft:spruce_planks":28,"minecraft:stick":4,"minecraft:wooden_pickaxe":1,"minecraft:stone_pickaxe":1},"minecraft:used":{"minecraft:moss_block":14,"minecraft:cherry_sapling":3,"minecraft:lantern":1,"minecraft:grass_block":213,"minecraft:barrier":29,"minecraft:wooden_pickaxe":43,"minecraft:stone":7,"minecraft:spruce_sapling":1,"minecraft:grass":1,"minecraft:stone_bricks":3,"minecraft:cracked_stone_bricks":25,"minecraft:pink_petals":332,"soul_like_armors_reworked:darkmoongreatsword":10,"minecraft:mossy_cobblestone":2,"minecraft:dirt":275,"minecraft:crafting_table":2,"minecraft:white_banner":7,"minecraft:bone_meal":36,"minecraft:splash_potion":5,"epicfight:iron_tachi":10},"minecraft:custom":{"minecraft:time_since_rest":67669,"lootr:looted_stat":1,"minecraft:sprint_one_cm":111728,"minecraft:damage_taken":168,"minecraft:walk_one_cm":726600,"minecraft:mob_kills":1,"minecraft:drop":1,"minecraft:damage_dealt":1131,"minecraft:interact_with_crafting_table":2,"minecraft:talked_to_villager":1,"minecraft:fly_one_cm":3049020,"minecraft:player_kills":2,"minecraft:crouch_one_cm":14791,"minecraft:play_time":350125,"minecraft:deaths":6,"minecraft:sneak_time":2833,"minecraft:walk_under_water_one_cm":1432,"minecraft:jump":980,"minecraft:leave_game":16,"minecraft:walk_on_water_one_cm":24851,"minecraft:time_since_death":67618,"minecraft:total_world_time":350125,"minecraft:fall_one_cm":4459},"minecraft:picked_up":{"minecraft:raw_iron":4,"minecraft:pink_petals":82,"minecraft:stick":9,"minecraft:barrier":1,"minecraft:spruce_stairs":1,"minecraft:tuff":9,"minecraft:oak_log":2,"soul_like_armors_reworked:dark_knight_leggings":1,"minecraft:spruce_sapling":1,"minecraft:spruce_log":7,"soul_like_armors_reworked:rustysteel_helmet":1,"minecraft:dirt":1,"minecraft:lantern":5,"minecraft:white_banner":9,"soul_like_armors_reworked:estusflask":5,"minecraft:arrow":1,"minecraft:bone":2,"soul_like_armors_reworked:dark_knight_chestplate":1,"minecraft:wheat_seeds":3,"butcher:butchersguidebook":1,"minecraft:cobbled_deepslate":3,"minecraft:cherry_sapling":4,"soul_like_armors_reworked:dagger":1,"biomesoplenty:redwood_wood":1,"minecraft:cobblestone":41},"minecraft:mined":{"minecraft:spruce_log":7,"minecraft:grass_block":1,"minecraft:spruce_leaves":1,"minecraft:stone":42}},"DataVersion":3465}