{"stats":{"minecraft:killed":{"minecraft:skeleton":1},"minecraft:dropped":{"epicfight:iron_tachi":1},"minecraft:used":{"minecraft:moss_block":14,"minecraft:cherry_sapling":3,"minecraft:lantern":1,"minecraft:grass_block":213,"minecraft:barrier":29,"minecraft:stone":7,"minecraft:grass":1,"minecraft:stone_bricks":3,"minecraft:cracked_stone_bricks":25,"minecraft:pink_petals":332,"soul_like_armors_reworked:darkmoongreatsword":10,"minecraft:mossy_cobblestone":2,"minecraft:dirt":275,"minecraft:white_banner":7,"minecraft:bone_meal":36,"minecraft:splash_potion":5,"epicfight:iron_tachi":10},"minecraft:custom":{"minecraft:time_since_rest":55669,"lootr:looted_stat":1,"minecraft:sprint_one_cm":95036,"minecraft:damage_taken":136,"minecraft:walk_one_cm":666151,"minecraft:mob_kills":1,"minecraft:drop":1,"minecraft:damage_dealt":1131,"minecraft:talked_to_villager":1,"minecraft:fly_one_cm":3031960,"minecraft:player_kills":2,"minecraft:crouch_one_cm":14606,"minecraft:play_time":338125,"minecraft:deaths":6,"minecraft:sneak_time":2615,"minecraft:walk_under_water_one_cm":1432,"minecraft:jump":817,"minecraft:leave_game":16,"minecraft:walk_on_water_one_cm":24851,"minecraft:time_since_death":55618,"minecraft:total_world_time":338125,"minecraft:fall_one_cm":3497},"minecraft:picked_up":{"minecraft:pink_petals":82,"minecraft:stick":7,"minecraft:barrier":1,"minecraft:spruce_stairs":1,"minecraft:tuff":9,"minecraft:oak_log":2,"soul_like_armors_reworked:dark_knight_leggings":1,"soul_like_armors_reworked:rustysteel_helmet":1,"minecraft:lantern":5,"minecraft:white_banner":9,"soul_like_armors_reworked:estusflask":5,"minecraft:arrow":1,"minecraft:bone":2,"soul_like_armors_reworked:dark_knight_chestplate":1,"minecraft:wheat_seeds":3,"butcher:butchersguidebook":1,"minecraft:cobbled_deepslate":3,"minecraft:cherry_sapling":4,"soul_like_armors_reworked:dagger":1,"biomesoplenty:redwood_wood":1}},"DataVersion":3465}