{"stats":{"minecraft:killed":{"minecraft:pig":1,"naturalist:snake":1,"minecraft:rabbit":1,"minecraft:spider":2,"naturalist:duck":2,"minecraft:sheep":1,"minecraft:skeleton":1,"minecraft:zombie":2,"naturalist:bass":2,"minecraft:cow":5},"minecraft:dropped":{"argentinas_delight:membrillo":2,"minecraft:azure_bluet":3,"beautify:hanging_pot":1,"minecraft:poppy":1,"epicfight:iron_tachi":1,"minecraft:wooden_pickaxe":1},"minecraft:crafted":{"minecraft:crafting_table":2,"minecraft:spruce_planks":28,"minecraft:wooden_pickaxe":1,"minecraft:stone_axe":1,"minecraft:stick":4,"minecraft:stone_pickaxe":1},"minecraft:killed_by":{"minecraft:zombie":1},"minecraft:broken":{"soul_like_armors_reworked:dark_knight_chestplate":1,"soul_like_armors_reworked:rustysteel_helmet":1},"minecraft:custom":{"lootr:looted_stat":3,"minecraft:mob_kills":18,"minecraft:interact_with_crafting_table":6,"minecraft:leave_game":16,"minecraft:time_since_death":16454,"minecraft:climb_one_cm":1106,"minecraft:time_since_rest":16522,"minecraft:waystone_activated":1,"minecraft:sprint_one_cm":328185,"minecraft:damage_taken":794,"minecraft:walk_one_cm":1004838,"minecraft:drop":6,"minecraft:damage_dealt":3259,"minecraft:swim_one_cm":21728,"minecraft:talked_to_villager":1,"minecraft:fly_one_cm":3341386,"minecraft:player_kills":2,"minecraft:open_chest":1,"minecraft:crouch_one_cm":16652,"minecraft:play_time":386125,"minecraft:deaths":7,"minecraft:sneak_time":3463,"minecraft:walk_under_water_one_cm":14443,"minecraft:jump":1582,"minecraft:walk_on_water_one_cm":49144,"minecraft:total_world_time":386125,"minecraft:fall_one_cm":14837},"minecraft:used":{"minecraft:moss_block":14,"minecraft:cherry_sapling":3,"wildberries:strawberry":31,"minecraft:stone_pickaxe":55,"minecraft:wooden_pickaxe":45,"minecraft:stone":7,"minecraft:grass":1,"soul_like_armors_reworked:estusflask":2,"wildberries:raspberry":5,"minecraft:cracked_stone_bricks":25,"minecraft:mossy_cobblestone":2,"minecraft:dirt":275,"minecraft:crafting_table":2,"argentinas_delight:membrillo":1,"epicfight:iron_tachi":10,"soul_like_armors_reworked:dagger":67,"minecraft:lantern":1,"minecraft:grass_block":213,"minecraft:barrier":29,"minecraft:spruce_sapling":1,"minecraft:stone_bricks":3,"minecraft:stone_axe":6,"soul_like_armors_reworked:darkmoongreatsword":10,"minecraft:pink_petals":332,"minecraft:white_banner":7,"minecraft:bone_meal":36,"minecraft:splash_potion":5},"minecraft:picked_up":{"minecraft:feather":3,"minecraft:pink_petals":82,"minecraft:allium":7,"minecraft:crafting_table":1,"minecraft:barrier":1,"minecraft:azure_bluet":3,"minecraft:leather":4,"minecraft:wooden_pickaxe":1,"soul_like_armors_reworked:darkknightsword":1,"minecraft:tuff":9,"minecraft:oak_log":2,"minecraft:dirt":4,"wildberries:raspberry":12,"minecraft:lantern":5,"minecraft:white_banner":9,"farmersdelight:organic_compost":10,"naturalist:bass":2,"wildberries:strawberry":33,"minecraft:bone":4,"minecraft:wheat_seeds":8,"argentinas_delight:membrillo":5,"minecraft:cobbled_deepslate":3,"minecraft:rabbit_hide":1,"minecraft:beef":11,"soul_like_armors_reworked:dagger":1,"minecraft:poppy":1,"minecraft:rabbit":1,"biomesoplenty:redwood_wood":1,"minecraft:stick":9,"minecraft:raw_iron":18,"naturalist:duck":2,"minecraft:pumpkin":2,"minecraft:spruce_stairs":1,"minecraft:porkchop":2,"soul_like_armors_reworked:dark_knight_leggings":1,"minecraft:spruce_sapling":1,"argentinas_delight:yerbamate":1,"minecraft:spruce_log":7,"soul_like_armors_reworked:rustysteel_helmet":1,"minecraft:spider_eye":1,"soul_like_armors_reworked:rustysteelmace":1,"soul_like_armors_reworked:estusflask":5,"minecraft:arrow":2,"soul_like_armors_reworked:dark_knight_chestplate":1,"minecraft:rotten_flesh":5,"butcher:butchersguidebook":1,"minecraft:red_tulip":6,"minecraft:cherry_sapling":4,"minecraft:emerald":1,"minecraft:mutton":1,"minecraft:coal":7,"minecraft:white_wool":1,"minecraft:cobblestone":56},"minecraft:mined":{"argentinas_delight:brotemembrillo":1,"farmersdelight:organic_compost":10,"minecraft:crafting_table":1,"minecraft:allium":7,"minecraft:grass_block":3,"minecraft:poppy":1,"minecraft:spruce_leaves":1,"minecraft:iron_ore":15,"minecraft:spruce_log":7,"wildberries:strawberry_bush":1,"minecraft:pumpkin":2,"minecraft:azure_bluet":3,"minecraft:red_tulip":6,"minecraft:grass":21,"minecraft:coal_ore":7,"minecraft:dirt":1,"biomesoplenty:barley":13,"minecraft:stone":57}},"DataVersion":3465}