{"stats":{"minecraft:custom":{"minecraft:time_since_rest":41703,"minecraft:crouch_one_cm":1649,"minecraft:play_time":60479,"minecraft:sprint_one_cm":6864,"minecraft:walk_one_cm":663833,"minecraft:damage_taken":132,"minecraft:deaths":2,"minecraft:sneak_time":384,"minecraft:mob_kills":3,"minecraft:drop":12,"minecraft:jump":508,"minecraft:damage_dealt":492,"minecraft:leave_game":2,"minecraft:time_since_death":41675,"minecraft:walk_on_water_one_cm":609,"minecraft:total_world_time":60479,"minecraft:fall_one_cm":478,"minecraft:fly_one_cm":101694},"minecraft:dropped":{"minecraft:netherite_pickaxe":1,"minecraft:arrow":1,"minecraft:gunpowder":4,"minecraft:grass_block":128,"minecraft:bone":1,"soul_like_armors_reworked:rustysteel_helmet":2},"minecraft:picked_up":{"minecraft:arrow":1,"minecraft:bone":1,"minecraft:gunpowder":4,"minecraft:grass_block":192,"soul_like_armors_reworked:rustysteel_helmet":2,"minecraft:netherite_pickaxe":2,"minecraft:cobblestone":1},"minecraft:killed":{"minecraft:skeleton":1,"minecraft:zombie":1,"minecraft:creeper":1},"minecraft:used":{"minecraft:pink_petals":88,"soul_like_armors_reworked:dagger":21,"minecraft:grass_block":1646,"minecraft:netherite_pickaxe":1,"soul_like_armors_reworked:estusflask":1},"minecraft:mined":{"minecraft:stone":1}},"DataVersion":3465}