{"stats":{"minecraft:killed":{"minecraft:zombie_villager":1,"minecraft:spider":1,"minecraft:creeper":2,"minecraft:sheep":1,"minecraft:skeleton":2,"minecraft:zombie":4},"minecraft:mined":{"minecraft:crafting_table":3,"vinery:apple_wood":1,"argentinas_delight:ramabajamembrillo":2,"minecraft:grass_block":24,"argentinas_delight:maderadeestructura":1,"minecraft:spruce_leaves":9,"vinery:apple_log":6,"argentinas_delight:ramaltamembrillo":2,"minecraft:birch_log":7,"argentinas_delight:hojasmembrillocubo":1,"minecraft:birch_leaves":1,"minecraft:bee_nest":1,"minecraft:grass":3,"minecraft:coal_ore":2,"minecraft:oak_log":26,"minecraft:dirt":35,"minecraft:stone":40,"minecraft:oak_leaves":6},"minecraft:custom":{"minecraft:mob_kills":11,"minecraft:interact_with_crafting_table":4,"minecraft:leave_game":4,"minecraft:time_since_death":12572,"minecraft:time_since_rest":12597,"minecraft:sprint_one_cm":166868,"minecraft:damage_taken":2879,"minecraft:walk_one_cm":1554589,"minecraft:drop":86,"minecraft:damage_dealt":3027,"minecraft:fly_one_cm":359775,"minecraft:player_kills":2,"minecraft:open_chest":14,"minecraft:crouch_one_cm":10087,"minecraft:play_time":193215,"minecraft:deaths":10,"minecraft:sneak_time":1790,"minecraft:jump":1892,"minecraft:interact_with_blast_furnace":2,"minecraft:walk_on_water_one_cm":5435,"minecraft:total_world_time":193215,"minecraft:fall_one_cm":12197},"minecraft:killed_by":{"minecraft:player":4,"minecraft:skeleton":1,"minecraft:creeper":1,"minecraft:zombie":1},"minecraft:picked_up":{"minecraft:birch_log":7,"minecraft:pink_petals":1,"minecraft:crafting_table":3,"soul_like_armors_reworked:kingdomknight_helmet":1,"argentinas_delight:maderadeobra":8,"minecraft:oak_log":26,"argentinas_delight:maderadeestructura":1,"minecraft:gunpowder":4,"epicfight:iron_tachi":1,"soul_like_armors_reworked:darkknightshield":1,"soul_like_armors_reworked:kingdomsword":1,"minecraft:dirt":60,"minecraft:bone":2,"vinery:apple_wood":1,"argentinas_delight:membrillo":2,"vinery:apple_tree_sapling":4,"soul_like_armors_reworked:kingdomknight_boots":1,"vinery:grapevine_stem":4,"minecraft:redstone_torch":8,"soul_like_armors_reworked:dagger":2,"minecraft:mossy_stone_bricks":1,"minecraft:poppy":2,"minecraft:stick":2,"soul_like_armors_reworked:crusadeshield":1,"epicfight:skillbook":2,"soul_like_armors_reworked:kingdomknight_leggings":1,"soul_like_armors_reworked:crossshield":1,"minecraft:spruce_sapling":2,"soul_like_armors_reworked:kingdomknight_chestplate":1,"minecraft:grass_block":192,"soul_like_armors_reworked:rustysteel_helmet":2,"minecraft:netherite_pickaxe":3,"minecraft:mossy_cobblestone":2,"soul_like_armors_reworked:estusflask":8,"soul_like_armors_reworked:bloodykatana":2,"minecraft:arrow":2,"minecraft:rotten_flesh":5,"securitycraft:reinforced_grass_block":2,"butcher:butchersguidebook":1,"minecraft:oak_sapling":2,"minecraft:mutton":2,"minecraft:blackstone_stairs":64,"minecraft:coal":2,"vinery:apple_log":6,"minecraft:white_wool":1,"minecraft:cobblestone":40},"minecraft:used":{"epicfight:skillbook":2,"minecraft:mossy_stone_bricks":3,"minecraft:wooden_shovel":33,"minecraft:wooden_pickaxe":44,"minecraft:poppy":8,"minecraft:chest":14,"securitycraft:scanner_trapdoor":11,"minecraft:stonecutter":1,"soul_like_armors_reworked:estusflask":9,"securitycraft:scanner_door_item":5,"minecraft:torch":1,"minecraft:mossy_cobblestone":2,"minecraft:dirt":10,"minecraft:anvil":1,"minecraft:crafting_table":7,"minecraft:blast_furnace":4,"minecraft:black_bed":2,"argentinas_delight:membrillo":3,"minecraft:allay_spawn_egg":2,"argentinas_delight:maderadeestructura":2,"epicfight:iron_tachi":16,"minecraft:redstone_torch":29,"minecraft:oak_log":2,"minecraft:wooden_axe":2,"soul_like_armors_reworked:dagger":105,"securitycraft:reinforced_grass_block":404,"minecraft:grass_block":2834,"minecraft:spruce_sapling":1,"minecraft:pink_petals":155,"minecraft:netherite_pickaxe":1,"vinery:apple_wood":3,"vinery:apple_tree_sapling":4},"minecraft:crafted":{"minecraft:wooden_sword":1,"minecraft:oak_planks":44,"minecraft:wooden_shovel":1,"vinery:grapevine_stem":4,"minecraft:wooden_pickaxe":1,"minecraft:crafting_table":1,"vinery:apple_wood":3,"minecraft:oak_wood":9,"minecraft:birch_planks":28,"minecraft:stick":8,"argentinas_delight:maderadeestructura":2,"minecraft:wooden_axe":1,"minecraft:torch":4},"minecraft:dropped":{"minecraft:netherite_pickaxe":3,"soul_like_armors_reworked:crossshield":2,"minecraft:oak_log":2,"soul_like_armors_reworked:kingdomknight_boots":1,"minecraft:allay_spawn_egg":1,"minecraft:mossy_cobblestone":3,"soul_like_armors_reworked:kingdomknight_helmet":1,"soul_like_armors_reworked:estusflask":4,"soul_like_armors_reworked:rustysteel_helmet":2,"minecraft:cobblestone":1,"minecraft:rotten_flesh":3,"soul_like_armors_reworked:kingdomknight_chestplate":1,"soul_like_armors_reworked:darkknightshield":2,"minecraft:ender_eye":5,"minecraft:grass_block":128,"minecraft:blackstone_stairs":128,"butcher:butchersguidebook":1,"minecraft:dirt":17,"argentinas_delight:maderadeestructura":1,"minecraft:gunpowder":4,"vinery:apple_wood":1,"soul_like_armors_reworked:kingdomknight_leggings":1,"minecraft:mossy_stone_bricks":2,"soul_like_armors_reworked:dagger":1,"minecraft:oak_sapling":2,"soul_like_armors_reworked:bloodykatana":2,"minecraft:arrow":2,"vinery:grapevine_stem":8,"soul_like_armors_reworked:crusadeshield":2,"minecraft:pink_petals":1,"minecraft:white_wool":1,"minecraft:spruce_sapling":1,"minecraft:bone":2}},"DataVersion":3465}