{"stats":{"minecraft:killed":{"minecraft:skeleton":1,"minecraft:zombie":2,"minecraft:creeper":2},"minecraft:used":{"minecraft:redstone_torch":29,"minecraft:mossy_stone_bricks":3,"soul_like_armors_reworked:dagger":32,"securitycraft:reinforced_grass_block":404,"minecraft:grass_block":2834,"minecraft:poppy":8,"minecraft:chest":14,"securitycraft:scanner_trapdoor":11,"minecraft:stonecutter":1,"soul_like_armors_reworked:estusflask":1,"securitycraft:scanner_door_item":5,"minecraft:pink_petals":155,"minecraft:mossy_cobblestone":2,"minecraft:anvil":1,"minecraft:crafting_table":4,"minecraft:blast_furnace":4,"minecraft:netherite_pickaxe":1,"minecraft:black_bed":2,"minecraft:allay_spawn_egg":2,"epicfight:iron_tachi":14},"minecraft:killed_by":{"minecraft:player":4,"minecraft:creeper":1},"minecraft:dropped":{"minecraft:netherite_pickaxe":3,"minecraft:gunpowder":4,"soul_like_armors_reworked:crossshield":2,"minecraft:allay_spawn_egg":1,"minecraft:mossy_cobblestone":3,"minecraft:mossy_stone_bricks":2,"soul_like_armors_reworked:rustysteel_helmet":2,"minecraft:cobblestone":1,"minecraft:arrow":1,"soul_like_armors_reworked:darkknightshield":2,"soul_like_armors_reworked:crusadeshield":2,"minecraft:pink_petals":1,"minecraft:grass_block":128,"minecraft:blackstone_stairs":128,"minecraft:bone":1},"minecraft:picked_up":{"minecraft:pink_petals":1,"soul_like_armors_reworked:kingdomknight_helmet":1,"soul_like_armors_reworked:crusadeshield":1,"soul_like_armors_reworked:kingdomknight_leggings":1,"soul_like_armors_reworked:crossshield":1,"soul_like_armors_reworked:kingdomknight_chestplate":1,"minecraft:grass_block":192,"minecraft:gunpowder":4,"epicfight:iron_tachi":1,"soul_like_armors_reworked:rustysteel_helmet":2,"minecraft:netherite_pickaxe":3,"soul_like_armors_reworked:kingdomsword":1,"soul_like_armors_reworked:darkknightshield":1,"minecraft:mossy_cobblestone":2,"soul_like_armors_reworked:bloodykatana":1,"minecraft:bone":1,"minecraft:arrow":1,"minecraft:rotten_flesh":2,"securitycraft:reinforced_grass_block":2,"soul_like_armors_reworked:kingdomknight_boots":1,"minecraft:poppy":1,"minecraft:redstone_torch":8,"minecraft:mossy_stone_bricks":1,"minecraft:blackstone_stairs":64,"minecraft:cobblestone":1},"minecraft:custom":{"minecraft:time_since_rest":1592,"minecraft:sprint_one_cm":33308,"minecraft:damage_taken":1914,"minecraft:walk_one_cm":1249487,"minecraft:mob_kills":5,"minecraft:drop":31,"minecraft:damage_dealt":1558,"minecraft:interact_with_crafting_table":1,"minecraft:fly_one_cm":306903,"minecraft:open_chest":9,"minecraft:crouch_one_cm":5380,"minecraft:play_time":153386,"minecraft:deaths":7,"minecraft:sneak_time":687,"minecraft:jump":1268,"minecraft:interact_with_blast_furnace":2,"minecraft:leave_game":4,"minecraft:walk_on_water_one_cm":2857,"minecraft:time_since_death":1558,"minecraft:total_world_time":153386,"minecraft:fall_one_cm":2154},"minecraft:mined":{"minecraft:stone":1}},"DataVersion":3465}