{"stats":{"minecraft:killed":{"minecraft:creeper":2,"minecraft:skeleton":2,"minecraft:zombie":2},"minecraft:mined":{"argentinas_delight:ramabajamembrillo":2,"minecraft:grass_block":8,"minecraft:spruce_leaves":6,"argentinas_delight:ramaltamembrillo":2,"argentinas_delight:hojasmembrillocubo":1,"minecraft:grass":1,"minecraft:dirt":12,"minecraft:stone":1},"minecraft:custom":{"minecraft:mob_kills":6,"minecraft:interact_with_crafting_table":1,"minecraft:leave_game":4,"minecraft:time_since_death":17387,"minecraft:time_since_rest":17421,"minecraft:sprint_one_cm":62847,"minecraft:damage_taken":2094,"minecraft:walk_one_cm":1399770,"minecraft:drop":64,"minecraft:damage_dealt":1598,"minecraft:fly_one_cm":318383,"minecraft:open_chest":14,"minecraft:crouch_one_cm":7378,"minecraft:play_time":169215,"minecraft:deaths":7,"minecraft:sneak_time":1361,"minecraft:jump":1575,"minecraft:interact_with_blast_furnace":2,"minecraft:walk_on_water_one_cm":2857,"minecraft:total_world_time":169215,"minecraft:fall_one_cm":8671},"minecraft:killed_by":{"minecraft:player":4,"minecraft:creeper":1},"minecraft:picked_up":{"minecraft:pink_petals":1,"soul_like_armors_reworked:kingdomknight_helmet":1,"argentinas_delight:maderadeobra":8,"minecraft:gunpowder":4,"epicfight:iron_tachi":1,"soul_like_armors_reworked:darkknightshield":1,"soul_like_armors_reworked:kingdomsword":1,"minecraft:dirt":24,"minecraft:bone":2,"argentinas_delight:membrillo":2,"soul_like_armors_reworked:kingdomknight_boots":1,"minecraft:redstone_torch":8,"soul_like_armors_reworked:dagger":1,"minecraft:mossy_stone_bricks":1,"minecraft:poppy":2,"soul_like_armors_reworked:crusadeshield":1,"soul_like_armors_reworked:kingdomknight_leggings":1,"soul_like_armors_reworked:crossshield":1,"minecraft:spruce_sapling":1,"soul_like_armors_reworked:kingdomknight_chestplate":1,"minecraft:grass_block":192,"soul_like_armors_reworked:rustysteel_helmet":2,"minecraft:netherite_pickaxe":3,"minecraft:mossy_cobblestone":2,"soul_like_armors_reworked:estusflask":6,"soul_like_armors_reworked:bloodykatana":2,"minecraft:arrow":2,"minecraft:rotten_flesh":2,"securitycraft:reinforced_grass_block":2,"butcher:butchersguidebook":1,"minecraft:blackstone_stairs":64,"minecraft:cobblestone":1},"minecraft:crafted":{"argentinas_delight:maderadeestructura":2},"minecraft:used":{"minecraft:mossy_stone_bricks":3,"minecraft:poppy":8,"minecraft:chest":14,"securitycraft:scanner_trapdoor":11,"minecraft:stonecutter":1,"soul_like_armors_reworked:estusflask":5,"securitycraft:scanner_door_item":5,"minecraft:mossy_cobblestone":2,"minecraft:dirt":10,"minecraft:anvil":1,"minecraft:crafting_table":4,"minecraft:blast_furnace":4,"minecraft:black_bed":2,"minecraft:allay_spawn_egg":2,"epicfight:iron_tachi":16,"minecraft:redstone_torch":29,"soul_like_armors_reworked:dagger":33,"securitycraft:reinforced_grass_block":404,"minecraft:grass_block":2834,"minecraft:pink_petals":155,"minecraft:netherite_pickaxe":1},"minecraft:dropped":{"minecraft:netherite_pickaxe":3,"soul_like_armors_reworked:crossshield":2,"soul_like_armors_reworked:kingdomknight_boots":1,"minecraft:allay_spawn_egg":1,"minecraft:mossy_cobblestone":3,"soul_like_armors_reworked:kingdomknight_helmet":1,"soul_like_armors_reworked:estusflask":4,"soul_like_armors_reworked:rustysteel_helmet":2,"minecraft:cobblestone":1,"soul_like_armors_reworked:kingdomknight_chestplate":1,"soul_like_armors_reworked:darkknightshield":2,"minecraft:ender_eye":5,"minecraft:grass_block":128,"minecraft:blackstone_stairs":128,"butcher:butchersguidebook":1,"minecraft:dirt":14,"minecraft:gunpowder":4,"soul_like_armors_reworked:kingdomknight_leggings":1,"minecraft:mossy_stone_bricks":2,"soul_like_armors_reworked:bloodykatana":2,"minecraft:arrow":2,"soul_like_armors_reworked:crusadeshield":2,"minecraft:pink_petals":1,"minecraft:spruce_sapling":1,"minecraft:bone":2}},"DataVersion":3465}