{"stats":{"minecraft:mined":{"minecraft:grass_block":1,"minecraft:dirt":1,"minecraft:stone":1},"minecraft:killed":{"minecraft:skeleton":1,"minecraft:zombie":2,"minecraft:creeper":2},"minecraft:custom":{"minecraft:time_since_rest":5421,"minecraft:sprint_one_cm":34979,"minecraft:damage_taken":1914,"minecraft:walk_one_cm":1274673,"minecraft:mob_kills":5,"minecraft:drop":32,"minecraft:damage_dealt":1558,"minecraft:interact_with_crafting_table":1,"minecraft:fly_one_cm":307186,"minecraft:open_chest":11,"minecraft:crouch_one_cm":5918,"minecraft:play_time":157215,"minecraft:deaths":7,"minecraft:sneak_time":1057,"minecraft:jump":1295,"minecraft:interact_with_blast_furnace":2,"minecraft:leave_game":4,"minecraft:time_since_death":5387,"minecraft:walk_on_water_one_cm":2857,"minecraft:total_world_time":157215,"minecraft:fall_one_cm":2394},"minecraft:killed_by":{"minecraft:player":4,"minecraft:creeper":1},"minecraft:picked_up":{"minecraft:pink_petals":1,"soul_like_armors_reworked:kingdomknight_helmet":1,"soul_like_armors_reworked:crusadeshield":1,"soul_like_armors_reworked:kingdomknight_leggings":1,"soul_like_armors_reworked:crossshield":1,"minecraft:dirt":2,"minecraft:grass_block":192,"soul_like_armors_reworked:kingdomknight_chestplate":1,"minecraft:gunpowder":4,"epicfight:iron_tachi":1,"soul_like_armors_reworked:rustysteel_helmet":2,"minecraft:netherite_pickaxe":3,"soul_like_armors_reworked:kingdomsword":1,"soul_like_armors_reworked:darkknightshield":1,"minecraft:mossy_cobblestone":2,"soul_like_armors_reworked:bloodykatana":2,"minecraft:bone":1,"minecraft:arrow":1,"minecraft:rotten_flesh":2,"securitycraft:reinforced_grass_block":2,"soul_like_armors_reworked:kingdomknight_boots":1,"minecraft:redstone_torch":8,"minecraft:mossy_stone_bricks":1,"minecraft:poppy":2,"minecraft:blackstone_stairs":64,"minecraft:cobblestone":1},"minecraft:used":{"minecraft:redstone_torch":29,"minecraft:mossy_stone_bricks":3,"soul_like_armors_reworked:dagger":32,"securitycraft:reinforced_grass_block":404,"minecraft:grass_block":2834,"minecraft:poppy":8,"minecraft:chest":14,"securitycraft:scanner_trapdoor":11,"minecraft:stonecutter":1,"soul_like_armors_reworked:estusflask":1,"securitycraft:scanner_door_item":5,"minecraft:pink_petals":155,"minecraft:mossy_cobblestone":2,"minecraft:anvil":1,"minecraft:crafting_table":4,"minecraft:blast_furnace":4,"minecraft:black_bed":2,"minecraft:netherite_pickaxe":1,"minecraft:allay_spawn_egg":2,"epicfight:iron_tachi":16},"minecraft:dropped":{"minecraft:netherite_pickaxe":3,"minecraft:gunpowder":4,"soul_like_armors_reworked:crossshield":2,"minecraft:allay_spawn_egg":1,"minecraft:mossy_cobblestone":3,"minecraft:mossy_stone_bricks":2,"soul_like_armors_reworked:rustysteel_helmet":2,"minecraft:cobblestone":1,"soul_like_armors_reworked:bloodykatana":1,"minecraft:arrow":1,"soul_like_armors_reworked:darkknightshield":2,"soul_like_armors_reworked:crusadeshield":2,"minecraft:pink_petals":1,"minecraft:grass_block":128,"minecraft:blackstone_stairs":128,"minecraft:bone":1}},"DataVersion":3465}