{"stats":{"minecraft:used":{"minecraft:oak_log":1,"minecraft:cherry_sapling":77,"soul_like_armors_reworked:dagger":8,"minecraft:grass_block":169,"minecraft:spore_blossom":3,"minecraft:netherite_axe":1550,"minecraft:cherry_leaves":4,"minecraft:pink_petals":1,"minecraft:dirt":1,"minecraft:white_stained_glass":2,"minecraft:pink_stained_glass":4,"minecraft:cherry_log":3,"minecraft:small_dripleaf":5,"minecraft:moss_block":2},"minecraft:picked_up":{"biomesoplenty:lavender":64,"minecraft:pink_petals":9,"minecraft:stick":242,"minecraft:crafting_table":1,"biomesoplenty:huge_lily_pad":1,"biomesoplenty:jacaranda_sapling":253,"wildberries:blackberry":2,"minecraft:cherry_log":32,"minecraft:oak_log":45,"minecraft:spruce_sapling":16,"minecraft:spruce_log":31,"minecraft:dirt":2,"wildberries:raspberry":16,"biomesoplenty:flowering_oak_sapling":9,"soul_like_armors_reworked:estusflask":5,"biomesoplenty:tall_lavender":16,"minecraft:apple":3,"biomesoplenty:jacaranda_log":701,"butcher:butchersguidebook":2,"minecraft:wheat_seeds":6,"minecraft:cherry_sapling":19,"soul_like_armors_reworked:dagger":2,"minecraft:oak_sapling":23,"minecraft:oak_planks":58},"minecraft:dropped":{"butcher:butchersguidebook":2,"minecraft:wheat_seeds":3,"soul_like_armors_reworked:dagger":2,"soul_like_armors_reworked:estusflask":5},"minecraft:custom":{"minecraft:time_since_rest":13389,"lootr:looted_stat":1,"minecraft:sprint_one_cm":34581,"minecraft:damage_taken":470,"minecraft:walk_one_cm":445995,"minecraft:drop":10,"minecraft:damage_dealt":425,"minecraft:swim_one_cm":24272,"minecraft:fly_one_cm":522437,"minecraft:player_kills":1,"minecraft:crouch_one_cm":7806,"minecraft:play_time":85344,"minecraft:deaths":1,"minecraft:sneak_time":2867,"minecraft:walk_under_water_one_cm":3236,"minecraft:jump":734,"minecraft:leave_game":1,"minecraft:walk_on_water_one_cm":20644,"minecraft:time_since_death":13359,"minecraft:total_world_time":85344,"minecraft:fall_one_cm":13489},"minecraft:mined":{"biomesoplenty:jacaranda_leaves":115,"biomesoplenty:jacaranda_log":1193,"biomesoplenty:tall_lavender":21,"minecraft:cherry_log":37,"biomesoplenty:lavender":83,"minecraft:cherry_sapling":4,"minecraft:spruce_log":32,"minecraft:grass":9,"minecraft:grass_block":2,"minecraft:oak_log":87,"biomesoplenty:webbing":1,"biomesoplenty:flowering_oak_leaves":4,"minecraft:spruce_leaves":43,"minecraft:oak_leaves":6,"minecraft:pink_petals":3}},"DataVersion":3465}