{"stats":{"minecraft:killed":{"minecraft:allay":1},"minecraft:used":{"minecraft:cherry_sapling":95,"minecraft:moss_block":20,"minecraft:mossy_stone_bricks":207,"minecraft:moss_carpet":20,"minecraft:netherite_sword":3,"minecraft:cobblestone_stairs":3,"minecraft:polished_andesite":14,"minecraft:mossy_stone_brick_stairs":18,"minecraft:stone":3,"naturalist:firefly_spawn_egg":8,"minecraft:cobblestone_slab":6,"minecraft:grass":1,"minecraft:mossy_stone_brick_slab":121,"minecraft:cracked_stone_bricks":37,"minecraft:mossy_cobblestone":19,"minecraft:dirt":521,"minecraft:cobblestone_wall":9,"minecraft:ochre_froglight":10,"minecraft:stone_brick_wall":9,"minecraft:shroomlight":11,"minecraft:big_dripleaf":4,"minecraft:small_dripleaf":12,"minecraft:oak_log":1,"minecraft:mossy_cobblestone_stairs":22,"minecraft:stone_brick_slab":17,"soul_like_armors_reworked:dagger":12,"minecraft:yellow_stained_glass":1,"minecraft:lantern":33,"minecraft:grass_block":551,"minecraft:barrier":196,"minecraft:verdant_froglight":10,"minecraft:polished_andesite_stairs":4,"minecraft:netherite_axe":1550,"minecraft:netherite_hoe":3,"minecraft:spore_blossom":9,"minecraft:mossy_cobblestone_slab":15,"minecraft:cherry_leaves":4,"minecraft:stone_brick_stairs":4,"minecraft:stone_bricks":19,"minecraft:polished_andesite_slab":4,"soul_like_armors_reworked:darkmoongreatsword":6,"minecraft:pink_petals":1084,"minecraft:cobblestone":7,"minecraft:white_banner":73,"minecraft:white_stained_glass":2,"minecraft:pink_stained_glass":4,"minecraft:mossy_cobblestone_wall":11,"minecraft:pearlescent_froglight":1,"minecraft:cherry_log":20,"minecraft:mossy_stone_brick_wall":8,"minecraft:bone_meal":243},"minecraft:dropped":{"minecraft:netherite_pickaxe":1,"minecraft:wheat_seeds":3,"soul_like_armors_reworked:estusflask":5,"minecraft:grass_block":128,"butcher:butchersguidebook":2,"soul_like_armors_reworked:dagger":2},"minecraft:picked_up":{"biomesoplenty:lavender":64,"minecraft:pink_petals":144,"minecraft:crafting_table":1,"minecraft:allium":2,"biomesoplenty:jacaranda_sapling":253,"wildberries:blackberry":2,"biomesoplenty:huge_lily_pad":1,"minecraft:oak_log":45,"minecraft:moss_carpet":1,"wildberries:raspberry":16,"minecraft:dirt":2,"minecraft:lantern":5,"minecraft:white_banner":6,"biomesoplenty:tall_lavender":16,"minecraft:apple":4,"minecraft:wheat_seeds":12,"soul_like_armors_reworked:dagger":2,"minecraft:oak_planks":58,"minecraft:stick":249,"minecraft:cherry_log":32,"minecraft:spruce_sapling":16,"minecraft:spruce_log":31,"minecraft:grass_block":64,"biomesoplenty:flowering_oak_sapling":9,"soul_like_armors_reworked:estusflask":5,"biomesoplenty:jacaranda_log":701,"butcher:butchersguidebook":2,"minecraft:cherry_sapling":29,"minecraft:oak_sapling":24,"minecraft:cobblestone":1},"minecraft:custom":{"lootr:looted_stat":1,"minecraft:mob_kills":1,"minecraft:leave_game":7,"minecraft:time_since_death":258394,"minecraft:time_since_rest":258424,"minecraft:sprint_one_cm":41868,"minecraft:damage_taken":470,"minecraft:walk_one_cm":1243190,"minecraft:drop":139,"minecraft:damage_dealt":1239,"minecraft:swim_one_cm":24272,"minecraft:fly_one_cm":2218377,"minecraft:player_kills":3,"minecraft:crouch_one_cm":24303,"minecraft:play_time":330379,"minecraft:deaths":1,"minecraft:sneak_time":11210,"minecraft:walk_under_water_one_cm":3236,"minecraft:jump":1311,"minecraft:walk_on_water_one_cm":51469,"minecraft:total_world_time":330379,"minecraft:fall_one_cm":13489},"minecraft:mined":{"biomesoplenty:jacaranda_leaves":115,"minecraft:cherry_log":37,"minecraft:cherry_sapling":4,"minecraft:grass_block":2,"biomesoplenty:flowering_oak_leaves":4,"minecraft:spruce_leaves":43,"minecraft:pink_petals":3,"biomesoplenty:jacaranda_log":1193,"biomesoplenty:tall_lavender":21,"biomesoplenty:lavender":83,"minecraft:spruce_log":32,"minecraft:grass":9,"minecraft:oak_log":87,"biomesoplenty:webbing":1,"minecraft:oak_leaves":6}},"DataVersion":3465}