{"stats":{"minecraft:custom":{"minecraft:time_since_rest":72544,"lootr:looted_stat":1,"minecraft:sprint_one_cm":35681,"minecraft:damage_taken":470,"minecraft:walk_one_cm":805517,"minecraft:drop":139,"minecraft:damage_dealt":569,"minecraft:swim_one_cm":24272,"minecraft:fly_one_cm":877001,"minecraft:player_kills":1,"minecraft:crouch_one_cm":12199,"minecraft:play_time":144499,"minecraft:deaths":1,"minecraft:sneak_time":4248,"minecraft:walk_under_water_one_cm":3236,"minecraft:jump":947,"minecraft:leave_game":2,"minecraft:time_since_death":72514,"minecraft:walk_on_water_one_cm":33115,"minecraft:total_world_time":144499,"minecraft:fall_one_cm":13489},"minecraft:picked_up":{"minecraft:pink_petals":59,"minecraft:stick":242,"minecraft:crafting_table":1,"biomesoplenty:jacaranda_sapling":253,"wildberries:blackberry":2,"biomesoplenty:huge_lily_pad":1,"minecraft:cherry_log":32,"minecraft:oak_log":45,"minecraft:spruce_sapling":16,"minecraft:grass_block":64,"minecraft:spruce_log":31,"minecraft:dirt":2,"wildberries:raspberry":16,"biomesoplenty:flowering_oak_sapling":9,"soul_like_armors_reworked:estusflask":5,"biomesoplenty:tall_lavender":16,"minecraft:apple":3,"biomesoplenty:jacaranda_log":701,"minecraft:wheat_seeds":9,"butcher:butchersguidebook":2,"minecraft:cherry_sapling":19,"soul_like_armors_reworked:dagger":2,"minecraft:oak_sapling":23,"minecraft:oak_planks":58,"minecraft:allium":2,"biomesoplenty:lavender":64},"minecraft:dropped":{"butcher:butchersguidebook":2,"minecraft:netherite_pickaxe":1,"minecraft:wheat_seeds":3,"soul_like_armors_reworked:dagger":2,"soul_like_armors_reworked:estusflask":5,"minecraft:grass_block":128},"minecraft:used":{"minecraft:oak_log":1,"minecraft:cherry_sapling":78,"soul_like_armors_reworked:dagger":12,"minecraft:cobblestone_stairs":1,"minecraft:polished_andesite_stairs":4,"minecraft:polished_andesite":14,"minecraft:grass_block":184,"minecraft:netherite_hoe":3,"minecraft:spore_blossom":3,"minecraft:netherite_axe":1550,"minecraft:mossy_stone_brick_stairs":3,"minecraft:cherry_leaves":4,"minecraft:stone_brick_stairs":1,"minecraft:mossy_stone_brick_slab":114,"minecraft:stone_bricks":12,"minecraft:cracked_stone_bricks":12,"minecraft:pink_petals":1,"minecraft:mossy_cobblestone":6,"minecraft:dirt":258,"minecraft:white_stained_glass":2,"minecraft:pink_stained_glass":4,"minecraft:stone_brick_slab":2,"minecraft:cherry_log":3,"minecraft:mossy_cobblestone_stairs":12,"minecraft:mossy_stone_bricks":184,"minecraft:moss_block":2,"minecraft:small_dripleaf":5},"minecraft:mined":{"minecraft:pink_petals":3,"biomesoplenty:jacaranda_leaves":115,"biomesoplenty:jacaranda_log":1193,"biomesoplenty:tall_lavender":21,"minecraft:cherry_log":37,"biomesoplenty:lavender":83,"minecraft:cherry_sapling":4,"minecraft:spruce_log":32,"minecraft:grass":9,"minecraft:grass_block":2,"minecraft:oak_log":87,"biomesoplenty:webbing":1,"biomesoplenty:flowering_oak_leaves":4,"minecraft:spruce_leaves":43,"minecraft:oak_leaves":6}},"DataVersion":3465}