{"stats":{"minecraft:killed":{"minecraft:allay":1},"minecraft:crafted":{"minecraft:crafting_table":1,"minecraft:wooden_pickaxe":1,"minecraft:spruce_planks":16,"minecraft:stone_axe":1,"minecraft:stick":8,"minecraft:stone_pickaxe":1},"minecraft:dropped":{"minecraft:netherite_pickaxe":1,"minecraft:wheat_seeds":3,"minecraft:raw_iron":4,"soul_like_armors_reworked:estusflask":14,"minecraft:grass_block":128,"butcher:butchersguidebook":4,"minecraft:shield":1,"soul_like_armors_reworked:dagger":4},"minecraft:killed_by":{"minecraft:player":1,"minecraft:zombie":1},"minecraft:custom":{"lootr:looted_stat":1,"minecraft:mob_kills":1,"minecraft:interact_with_crafting_table":5,"minecraft:leave_game":22,"minecraft:time_since_death":15922,"minecraft:time_since_rest":18181,"minecraft:sprint_one_cm":51465,"minecraft:damage_taken":1100,"minecraft:walk_one_cm":1455499,"minecraft:drop":157,"minecraft:damage_dealt":1313,"minecraft:swim_one_cm":24272,"minecraft:fly_one_cm":2292669,"minecraft:player_kills":3,"minecraft:open_chest":2,"minecraft:crouch_one_cm":31078,"minecraft:play_time":386533,"minecraft:deaths":3,"minecraft:sneak_time":12895,"minecraft:walk_under_water_one_cm":3236,"minecraft:jump":1719,"minecraft:walk_on_water_one_cm":57443,"minecraft:total_world_time":386533,"minecraft:fall_one_cm":20339},"minecraft:used":{"minecraft:cherry_sapling":95,"minecraft:moss_block":20,"minecraft:moss_carpet":20,"minecraft:mossy_stone_bricks":207,"minecraft:netherite_sword":3,"minecraft:cobblestone_stairs":3,"minecraft:stone_pickaxe":12,"minecraft:polished_andesite":14,"minecraft:wooden_pickaxe":6,"minecraft:mossy_stone_brick_stairs":18,"minecraft:stone":3,"minecraft:cobblestone_slab":6,"naturalist:firefly_spawn_egg":8,"minecraft:grass":1,"minecraft:mossy_stone_brick_slab":121,"minecraft:cracked_stone_bricks":37,"minecraft:mossy_cobblestone":19,"minecraft:dirt":624,"minecraft:crafting_table":3,"minecraft:cobblestone_wall":9,"minecraft:ochre_froglight":10,"minecraft:stone_brick_wall":9,"minecraft:big_dripleaf":4,"minecraft:shroomlight":11,"minecraft:small_dripleaf":12,"minecraft:oak_log":1,"minecraft:mossy_cobblestone_stairs":22,"minecraft:stone_brick_slab":17,"soul_like_armors_reworked:dagger":14,"minecraft:yellow_stained_glass":1,"minecraft:lantern":33,"minecraft:grass_block":551,"minecraft:barrier":196,"minecraft:verdant_froglight":10,"minecraft:polished_andesite_stairs":4,"minecraft:netherite_axe":1550,"minecraft:netherite_hoe":3,"minecraft:spore_blossom":9,"minecraft:mossy_cobblestone_slab":15,"minecraft:cherry_leaves":4,"minecraft:stone_brick_stairs":4,"minecraft:polished_andesite_slab":4,"minecraft:stone_bricks":19,"minecraft:stone_axe":28,"soul_like_armors_reworked:darkmoongreatsword":6,"minecraft:pink_petals":1084,"minecraft:cobblestone":7,"minecraft:white_banner":73,"minecraft:white_stained_glass":2,"minecraft:pink_stained_glass":4,"minecraft:mossy_cobblestone_wall":11,"minecraft:pearlescent_froglight":1,"minecraft:cherry_log":22,"minecraft:mossy_stone_brick_wall":8,"minecraft:bone_meal":243},"minecraft:picked_up":{"biomesoplenty:lavender":64,"minecraft:pink_petals":146,"minecraft:crafting_table":6,"minecraft:allium":2,"soul_like_armors_reworked:kingdomknight_helmet":2,"biomesoplenty:jacaranda_sapling":253,"wildberries:blackberry":2,"biomesoplenty:huge_lily_pad":1,"minecraft:oak_log":45,"twm:brightsteel_leggings":1,"minecraft:shield":1,"epicfight:iron_tachi":1,"soul_like_armors_reworked:kingdomsword":1,"minecraft:moss_carpet":1,"minecraft:dirt":21,"minecraft:lantern":5,"wildberries:raspberry":16,"minecraft:white_banner":6,"securitycraft:scanner_door_item":1,"securitycraft:scanner_trapdoor":1,"biomesoplenty:tall_lavender":16,"minecraft:apple":4,"minecraft:wheat_seeds":12,"soul_like_armors_reworked:kingdomknight_boots":2,"minecraft:redstone_torch":1,"minecraft:ender_eye":64,"soul_like_armors_reworked:dagger":3,"minecraft:poppy":3,"minecraft:chest":1,"minecraft:oak_planks":58,"minecraft:raw_iron":9,"minecraft:stick":249,"securitycraft:universal_block_reinforcer_lvl3":1,"soul_like_armors_reworked:kingdomknight_leggings":2,"minecraft:cherry_log":33,"minecraft:spruce_sapling":23,"soul_like_armors_reworked:kingdomknight_chestplate":2,"minecraft:grass_block":64,"minecraft:spruce_log":51,"biomesoplenty:flowering_oak_sapling":9,"soul_like_armors_reworked:bloodykatana":1,"soul_like_armors_reworked:estusflask":9,"minecraft:rotten_flesh":2,"securitycraft:reinforced_grass_block":1,"biomesoplenty:jacaranda_log":701,"butcher:butchersguidebook":3,"minecraft:cherry_sapling":29,"twm:brightsteel_boots":1,"minecraft:oak_sapling":24,"twm:brightsteel_chestplate":1,"minecraft:cobblestone":10,"twm:brightsteel_helmet":1},"minecraft:mined":{"biomesoplenty:jacaranda_leaves":115,"minecraft:cherry_log":37,"minecraft:crafting_table":4,"minecraft:cherry_sapling":4,"minecraft:grass_block":2,"biomesoplenty:flowering_oak_leaves":4,"minecraft:spruce_leaves":59,"minecraft:pink_petals":3,"biomesoplenty:jacaranda_log":1193,"biomesoplenty:tall_lavender":21,"minecraft:iron_ore":9,"biomesoplenty:lavender":83,"minecraft:spruce_log":52,"minecraft:grass":9,"minecraft:oak_log":87,"biomesoplenty:webbing":1,"minecraft:stone":9,"minecraft:oak_leaves":6}},"DataVersion":3465}