{"stats":{"minecraft:killed":{"minecraft:cave_spider":1,"minecraft:allay":1,"minecraft:spider":1,"minecraft:pig":3,"minecraft:zombie":1},"minecraft:crafted":{"minecraft:stone_pickaxe":1,"minecraft:crafting_table":1,"minecraft:spruce_planks":16,"minecraft:wooden_pickaxe":1,"minecraft:stone_axe":1,"minecraft:wooden_hoe":1,"minecraft:stick":8},"minecraft:dropped":{"minecraft:netherite_pickaxe":1,"minecraft:wheat_seeds":3,"soul_like_armors_reworked:estusflask":14,"minecraft:grass_block":128,"wildberries:strawberry":33,"minecraft:raw_iron":4,"butcher:butchersguidebook":4,"minecraft:shield":1,"soul_like_armors_reworked:dagger":4,"minecraft:stone_pickaxe":1},"minecraft:killed_by":{"minecraft:player":1,"minecraft:zombie":1},"minecraft:custom":{"lootr:looted_stat":1,"minecraft:mob_kills":7,"minecraft:interact_with_crafting_table":6,"minecraft:leave_game":22,"minecraft:time_since_death":27922,"minecraft:climb_one_cm":1098,"minecraft:sprint_one_cm":71281,"minecraft:walk_one_cm":1562775,"minecraft:drop":191,"minecraft:play_time":398533,"minecraft:deaths":3,"minecraft:sneak_time":13333,"minecraft:walk_under_water_one_cm":3236,"minecraft:jump":1960,"minecraft:walk_on_water_one_cm":57443,"minecraft:total_world_time":398533,"minecraft:time_since_rest":30181,"minecraft:damage_taken":1260,"minecraft:damage_dealt":1835,"minecraft:swim_one_cm":24272,"minecraft:fly_one_cm":2314661,"minecraft:player_kills":3,"minecraft:open_chest":2,"minecraft:crouch_one_cm":33127,"minecraft:fall_one_cm":23571},"minecraft:used":{"minecraft:moss_block":20,"minecraft:cherry_sapling":95,"minecraft:moss_carpet":20,"minecraft:netherite_sword":3,"wildberries:strawberry":7,"minecraft:stone":3,"naturalist:firefly_spawn_egg":8,"minecraft:grass":1,"soul_like_armors_reworked:estusflask":3,"minecraft:mossy_stone_brick_slab":121,"minecraft:dirt":624,"minecraft:cobblestone_wall":9,"minecraft:small_dripleaf":12,"minecraft:big_dripleaf":4,"minecraft:shroomlight":11,"minecraft:mossy_cobblestone_stairs":22,"minecraft:stone_brick_slab":17,"soul_like_armors_reworked:dagger":32,"minecraft:yellow_stained_glass":1,"minecraft:lantern":33,"minecraft:grass_block":551,"minecraft:polished_andesite_stairs":4,"minecraft:netherite_hoe":3,"minecraft:cherry_leaves":4,"minecraft:mossy_cobblestone_slab":15,"minecraft:stone_brick_stairs":4,"minecraft:stone_bricks":19,"minecraft:pearlescent_froglight":1,"minecraft:cherry_log":22,"minecraft:mossy_stone_brick_wall":8,"minecraft:mossy_stone_bricks":207,"minecraft:cobblestone_stairs":3,"minecraft:polished_andesite":14,"minecraft:stone_pickaxe":16,"minecraft:wooden_pickaxe":7,"minecraft:mossy_stone_brick_stairs":18,"minecraft:cobblestone_slab":6,"minecraft:cracked_stone_bricks":37,"minecraft:mossy_cobblestone":19,"minecraft:crafting_table":4,"minecraft:ochre_froglight":10,"minecraft:stone_brick_wall":9,"minecraft:oak_log":1,"minecraft:wooden_hoe":25,"minecraft:barrier":196,"minecraft:verdant_froglight":10,"minecraft:netherite_axe":1550,"minecraft:spore_blossom":9,"minecraft:polished_andesite_slab":4,"minecraft:stone_axe":58,"minecraft:pink_petals":1084,"soul_like_armors_reworked:darkmoongreatsword":6,"minecraft:cobblestone":7,"minecraft:white_banner":73,"minecraft:white_stained_glass":2,"minecraft:pink_stained_glass":4,"minecraft:mossy_cobblestone_wall":11,"minecraft:bone_meal":243},"minecraft:picked_up":{"minecraft:crafting_table":7,"minecraft:allium":7,"soul_like_armors_reworked:kingdomknight_helmet":2,"biomesoplenty:jacaranda_sapling":253,"biomesoplenty:huge_lily_pad":1,"minecraft:chain":1,"twm:brightsteel_leggings":1,"minecraft:shield":1,"epicfight:iron_tachi":1,"soul_like_armors_reworked:kingdomsword":1,"wildberries:raspberry":16,"minecraft:moss_carpet":1,"securitycraft:scanner_trapdoor":1,"biomesoplenty:tall_lavender":16,"wildberries:strawberry":44,"soul_like_armors_reworked:kingdomknight_boots":2,"minecraft:redstone_torch":1,"minecraft:ender_eye":64,"soul_like_armors_reworked:dagger":3,"minecraft:poppy":3,"minecraft:chest":1,"minecraft:stick":249,"minecraft:raw_iron":10,"soul_like_armors_reworked:kingdomknight_leggings":2,"minecraft:porkchop":4,"minecraft:cherry_log":33,"soul_like_armors_reworked:estusflask":9,"soul_like_armors_reworked:bloodykatana":1,"minecraft:rotten_flesh":2,"biomesoplenty:jacaranda_log":701,"minecraft:cobblestone":10,"biomesoplenty:lavender":64,"minecraft:pink_petals":146,"minecraft:lilac":2,"wildberries:blackberry":2,"argentinas_delight:maderadeobra":6,"minecraft:oak_log":45,"minecraft:dirt":21,"minecraft:lantern":6,"minecraft:white_banner":6,"securitycraft:scanner_door_item":1,"minecraft:apple":4,"minecraft:wheat_seeds":13,"minecraft:stone_pickaxe":1,"minecraft:oak_planks":58,"securitycraft:universal_block_reinforcer_lvl3":1,"minecraft:pumpkin":19,"minecraft:spruce_sapling":23,"minecraft:spruce_log":51,"minecraft:grass_block":64,"soul_like_armors_reworked:kingdomknight_chestplate":2,"argentinas_delight:yerbamate":4,"biomesoplenty:flowering_oak_sapling":9,"securitycraft:reinforced_grass_block":1,"butcher:butchersguidebook":3,"minecraft:cherry_sapling":29,"twm:brightsteel_boots":1,"minecraft:oak_sapling":24,"twm:brightsteel_chestplate":1,"twm:brightsteel_helmet":1},"minecraft:mined":{"minecraft:cherry_log":37,"minecraft:cherry_sapling":4,"argentinas_delight:hojasdemate":25,"biomesoplenty:bush":3,"minecraft:allium":5,"minecraft:grass_block":2,"biomesoplenty:flowering_oak_leaves":4,"minecraft:spruce_leaves":59,"biomesoplenty:jacaranda_log":1193,"biomesoplenty:tall_lavender":21,"minecraft:iron_ore":9,"biomesoplenty:lavender":83,"minecraft:pumpkin":19,"wildberries:strawberry_bush":1,"argentinas_delight:ramasdematedeyerba":4,"argentinas_delight:basedearbolmate":1,"biomesoplenty:webbing":1,"minecraft:lantern":1,"minecraft:stone":9,"biomesoplenty:spider_egg":1,"biomesoplenty:jacaranda_leaves":115,"minecraft:crafting_table":5,"minecraft:pink_petals":3,"minecraft:chain":1,"minecraft:lilac":2,"minecraft:spruce_log":52,"minecraft:grass":11,"minecraft:oak_log":87,"minecraft:oak_leaves":6}},"DataVersion":3465}