{
  "butcher:firstjoinadvancement": {
    "criteria": {
      "firstjoinadvancement_0": "2024-10-13 23:02:25 -0400"
    },
    "done": true
  },
  "create:root": {
    "criteria": {
      "0": "2024-10-13 23:02:25 -0400"
    },
    "done": true
  },
  "minecraft:recipes/decorations/crafting_table": {
    "criteria": {
      "unlock_right_away": "2024-10-13 23:02:26 -0400"
    },
    "done": true
  },
  "naturalist:recipes/food/cooked_egg": {
    "criteria": {
      "has_eggs": "2024-10-13 23:02:25 -0400"
    },
    "done": true
  },
  "beautify:progression/root": {
    "criteria": {
      "Install": "2024-10-13 23:02:26 -0400"
    },
    "done": true
  },
  "biomesoplenty:biomesoplenty/root": {
    "criteria": {
      "lavender_field": "2024-10-13 23:02:36 -0400"
    },
    "done": true
  },
  "biomesoplenty:biomesoplenty/all_biomes": {
    "criteria": {
      "shrubland": "2024-10-13 23:03:21 -0400",
      "rocky_shrubland": "2024-10-13 23:03:24 -0400",
      "highland": "2024-10-13 23:03:36 -0400",
      "jade_cliffs": "2024-10-13 23:02:52 -0400",
      "orchard": "2024-10-13 23:03:51 -0400",
      "lavender_forest": "2024-10-13 23:03:06 -0400",
      "redwood_forest": "2024-10-13 23:03:49 -0400",
      "lavender_field": "2024-10-13 23:02:36 -0400"
    },
    "done": false
  },
  "lootr:root": {
    "criteria": {
      "always_true": "2024-10-13 23:02:26 -0400"
    },
    "done": true
  },
  "vinery:main/root": {
    "criteria": {
      "seeds": "2024-10-13 23:02:25 -0400"
    },
    "done": true
  },
  "farmersdelight:main/root": {
    "criteria": {
      "seeds": "2024-10-13 23:02:25 -0400"
    },
    "done": true
  },
  "brewery:main/root": {
    "criteria": {
      "seeds": "2024-10-13 23:02:25 -0400"
    },
    "done": true
  },
  "minecraft:adventure/adventuring_time": {
    "criteria": {
      "minecraft:cherry_grove": "2024-10-13 23:04:14 -0400",
      "minecraft:windswept_savanna": "2024-10-13 23:02:28 -0400"
    },
    "done": false
  },
  "DataVersion": 3465
}