{
  "butcher:firstjoinadvancement": {
    "criteria": {
      "firstjoinadvancement_0": "2024-10-14 03:57:02 +0000"
    },
    "done": true
  },
  "create:root": {
    "criteria": {
      "0": "2024-10-14 03:57:02 +0000"
    },
    "done": true
  },
  "minecraft:recipes/decorations/crafting_table": {
    "criteria": {
      "unlock_right_away": "2024-10-14 03:57:02 +0000"
    },
    "done": true
  },
  "naturalist:recipes/food/cooked_egg": {
    "criteria": {
      "has_eggs": "2024-10-14 03:57:02 +0000"
    },
    "done": true
  },
  "beautify:progression/root": {
    "criteria": {
      "Install": "2024-10-14 03:57:02 +0000"
    },
    "done": true
  },
  "lootr:root": {
    "criteria": {
      "always_true": "2024-10-14 03:57:02 +0000"
    },
    "done": true
  },
  "vinery:main/root": {
    "criteria": {
      "seeds": "2024-10-14 03:57:02 +0000"
    },
    "done": true
  },
  "farmersdelight:main/root": {
    "criteria": {
      "seeds": "2024-10-14 03:57:02 +0000"
    },
    "done": true
  },
  "brewery:main/root": {
    "criteria": {
      "seeds": "2024-10-14 03:57:02 +0000"
    },
    "done": true
  },
  "minecraft:adventure/adventuring_time": {
    "criteria": {
      "minecraft:snowy_slopes": "2024-10-17 02:49:08 +0000",
      "minecraft:cherry_grove": "2024-10-14 04:13:13 +0000",
      "minecraft:sunflower_plains": "2024-10-17 03:47:51 +0000",
      "minecraft:beach": "2024-10-14 04:09:40 +0000",
      "minecraft:river": "2024-10-14 04:07:03 +0000",
      "minecraft:swamp": "2024-10-14 04:09:43 +0000",
      "minecraft:forest": "2024-10-14 04:05:35 +0000",
      "minecraft:windswept_savanna": "2024-10-14 03:57:03 +0000",
      "minecraft:frozen_peaks": "2024-10-17 02:49:07 +0000",
      "minecraft:deep_dark": "2024-10-14 04:22:55 +0000",
      "minecraft:plains": "2024-10-17 03:43:16 +0000"
    },
    "done": false
  },
  "biomesoplenty:recipes/transportation/willow_boat": {
    "criteria": {
      "in_water": "2024-10-14 03:57:15 +0000"
    },
    "done": true
  },
  "minecraft:recipes/transportation/cherry_boat": {
    "criteria": {
      "in_water": "2024-10-14 03:57:15 +0000"
    },
    "done": true
  },
  "biomesoplenty:recipes/transportation/umbran_boat": {
    "criteria": {
      "in_water": "2024-10-14 03:57:15 +0000"
    },
    "done": true
  },
  "minecraft:recipes/transportation/bamboo_raft": {
    "criteria": {
      "in_water": "2024-10-14 03:57:15 +0000"
    },
    "done": true
  },
  "biomesoplenty:recipes/transportation/dead_boat": {
    "criteria": {
      "in_water": "2024-10-14 03:57:15 +0000"
    },
    "done": true
  },
  "biomesoplenty:recipes/transportation/magic_boat": {
    "criteria": {
      "in_water": "2024-10-14 03:57:15 +0000"
    },
    "done": true
  },
  "minecraft:recipes/transportation/acacia_boat": {
    "criteria": {
      "in_water": "2024-10-14 03:57:15 +0000"
    },
    "done": true
  },
  "minecraft:recipes/transportation/jungle_boat": {
    "criteria": {
      "in_water": "2024-10-14 03:57:15 +0000"
    },
    "done": true
  },
  "biomesoplenty:recipes/transportation/fir_boat": {
    "criteria": {
      "in_water": "2024-10-14 03:57:15 +0000"
    },
    "done": true
  },
  "minecraft:recipes/transportation/spruce_boat": {
    "criteria": {
      "in_water": "2024-10-14 03:57:15 +0000"
    },
    "done": true
  },
  "minecraft:recipes/transportation/birch_boat": {
    "criteria": {
      "in_water": "2024-10-14 03:57:15 +0000"
    },
    "done": true
  },
  "minecraft:recipes/transportation/oak_boat": {
    "criteria": {
      "in_water": "2024-10-14 03:57:15 +0000"
    },
    "done": true
  },
  "biomesoplenty:recipes/transportation/redwood_boat": {
    "criteria": {
      "in_water": "2024-10-14 03:57:15 +0000"
    },
    "done": true
  },
  "minecraft:recipes/transportation/mangrove_boat": {
    "criteria": {
      "in_water": "2024-10-14 03:57:15 +0000"
    },
    "done": true
  },
  "biomesoplenty:recipes/transportation/hellbark_boat": {
    "criteria": {
      "in_water": "2024-10-14 03:57:15 +0000"
    },
    "done": true
  },
  "biomesoplenty:recipes/transportation/jacaranda_boat": {
    "criteria": {
      "in_water": "2024-10-14 03:57:15 +0000"
    },
    "done": true
  },
  "biomesoplenty:recipes/transportation/mahogany_boat": {
    "criteria": {
      "in_water": "2024-10-14 03:57:15 +0000"
    },
    "done": true
  },
  "biomesoplenty:recipes/transportation/palm_boat": {
    "criteria": {
      "in_water": "2024-10-14 03:57:15 +0000"
    },
    "done": true
  },
  "minecraft:recipes/transportation/dark_oak_boat": {
    "criteria": {
      "in_water": "2024-10-14 03:57:15 +0000"
    },
    "done": true
  },
  "lootr:social": {
    "criteria": {
      "opened_chest": "2024-10-14 03:57:20 +0000"
    },
    "done": false
  },
  "lootr:1chest": {
    "criteria": {
      "opened_chest": "2024-10-14 03:57:20 +0000"
    },
    "done": true
  },
  "minecraft:recipes/misc/charcoal": {
    "criteria": {
      "has_log": "2024-10-14 04:06:30 +0000"
    },
    "done": true
  },
  "minecraft:recipes/building_blocks/oak_planks": {
    "criteria": {
      "has_logs": "2024-10-14 04:06:30 +0000"
    },
    "done": true
  },
  "securitycraft:recipes/misc/sc_manual": {
    "criteria": {
      "has_wood": "2024-10-14 04:06:30 +0000"
    },
    "done": true
  },
  "minecraft:recipes/building_blocks/oak_wood": {
    "criteria": {
      "has_log": "2024-10-14 04:06:30 +0000"
    },
    "done": true
  },
  "vinery:recipes/stackable_log": {
    "criteria": {
      "has_oak_log": "2024-10-14 04:06:30 +0000"
    },
    "done": true
  },
  "vinery:recipes/grapevine_stem": {
    "criteria": {
      "has_oak_log": "2024-10-14 04:06:30 +0000"
    },
    "done": true
  },
  "minecraft:recipes/decorations/ladder": {
    "criteria": {
      "has_stick": "2024-10-14 04:06:34 +0000"
    },
    "done": true
  },
  "securitycraft:recipes/redstone/reinforced_birch_fence_gate": {
    "criteria": {
      "has_stick": "2024-10-14 04:06:34 +0000"
    },
    "done": true
  },
  "securitycraft:recipes/redstone/reinforced_crimson_fence_gate": {
    "criteria": {
      "has_stick": "2024-10-14 04:06:34 +0000"
    },
    "done": true
  },
  "securitycraft:recipes/misc/motion_activated_light": {
    "criteria": {
      "has_stick": "2024-10-14 04:06:34 +0000"
    },
    "done": true
  },
  "securitycraft:recipes/redstone/reinforced_jungle_fence_gate": {
    "criteria": {
      "has_stick": "2024-10-14 04:06:34 +0000"
    },
    "done": true
  },
  "minecraft:recipes/tools/wooden_axe": {
    "criteria": {
      "has_stick": "2024-10-14 04:06:34 +0000"
    },
    "done": true
  },
  "securitycraft:recipes/redstone/reinforced_spruce_fence_gate": {
    "criteria": {
      "has_stick": "2024-10-14 04:06:34 +0000"
    },
    "done": true
  },
  "securitycraft:recipes/misc/reinforced_acacia_fence": {
    "criteria": {
      "has_stick": "2024-10-14 04:06:34 +0000"
    },
    "done": true
  },
  "securitycraft:recipes/redstone/reinforced_bamboo_fence_gate": {
    "criteria": {
      "has_stick": "2024-10-14 04:06:34 +0000"
    },
    "done": true
  },
  "minecraft:recipes/decorations/campfire": {
    "criteria": {
      "has_stick": "2024-10-14 04:06:34 +0000"
    },
    "done": true
  },
  "minecraft:recipes/tools/wooden_hoe": {
    "criteria": {
      "has_stick": "2024-10-14 04:06:34 +0000"
    },
    "done": true
  },
  "vinery:recipes/campfire": {
    "criteria": {
      "has_stick": "2024-10-14 04:06:34 +0000",
      "has_the_recipe": "2024-10-14 04:06:34 +0000"
    },
    "done": true
  },
  "securitycraft:recipes/misc/sonic_security_system": {
    "criteria": {
      "has_stick": "2024-10-14 04:06:34 +0000"
    },
    "done": true
  },
  "minecraft:recipes/tools/wooden_shovel": {
    "criteria": {
      "has_stick": "2024-10-14 04:06:34 +0000"
    },
    "done": true
  },
  "securitycraft:recipes/redstone/reinforced_dark_oak_fence_gate": {
    "criteria": {
      "has_stick": "2024-10-14 04:06:34 +0000"
    },
    "done": true
  },
  "minecraft:recipes/combat/wooden_sword": {
    "criteria": {
      "has_stick": "2024-10-14 04:06:34 +0000"
    },
    "done": true
  },
  "securitycraft:recipes/misc/reinforced_birch_fence": {
    "criteria": {
      "has_stick": "2024-10-14 04:06:34 +0000"
    },
    "done": true
  },
  "securitycraft:recipes/misc/reinforced_dark_oak_fence": {
    "criteria": {
      "has_stick": "2024-10-14 04:06:34 +0000"
    },
    "done": true
  },
  "securitycraft:recipes/misc/reinforced_oak_fence": {
    "criteria": {
      "has_stick": "2024-10-14 04:06:34 +0000"
    },
    "done": true
  },
  "securitycraft:recipes/redstone/reinforced_oak_fence_gate": {
    "criteria": {
      "has_stick": "2024-10-14 04:06:34 +0000"
    },
    "done": true
  },
  "securitycraft:recipes/misc/reinforced_bamboo_fence": {
    "criteria": {
      "has_stick": "2024-10-14 04:06:34 +0000"
    },
    "done": true
  },
  "securitycraft:recipes/misc/reinforced_crimson_fence": {
    "criteria": {
      "has_stick": "2024-10-14 04:06:34 +0000"
    },
    "done": true
  },
  "farmersdelight:recipes/combat/flint_knife": {
    "criteria": {
      "has_stick": "2024-10-14 04:06:34 +0000"
    },
    "done": true
  },
  "securitycraft:recipes/misc/reinforced_jungle_fence": {
    "criteria": {
      "has_stick": "2024-10-14 04:06:34 +0000"
    },
    "done": true
  },
  "vinery:recipes/grapevine_lattice": {
    "criteria": {
      "has_stick": "2024-10-14 04:06:34 +0000"
    },
    "done": true
  },
  "securitycraft:recipes/misc/reinforced_warped_fence": {
    "criteria": {
      "has_stick": "2024-10-14 04:06:34 +0000"
    },
    "done": true
  },
  "beautify:blinds": {
    "criteria": {
      "requirement": "2024-10-14 04:06:34 +0000"
    },
    "done": true
  },
  "securitycraft:recipes/redstone/reinforced_cherry_fence_gate": {
    "criteria": {
      "has_stick": "2024-10-14 04:06:34 +0000"
    },
    "done": true
  },
  "vinery:recipes/dark_cherry_fence": {
    "criteria": {
      "has_stick": "2024-10-14 04:06:34 +0000"
    },
    "done": true
  },
  "securitycraft:recipes/redstone/reinforced_acacia_fence_gate": {
    "criteria": {
      "has_stick": "2024-10-14 04:06:34 +0000"
    },
    "done": true
  },
  "securitycraft:recipes/misc/reinforced_cherry_fence": {
    "criteria": {
      "has_stick": "2024-10-14 04:06:34 +0000"
    },
    "done": true
  },
  "securitycraft:recipes/redstone/reinforced_warped_fence_gate": {
    "criteria": {
      "has_stick": "2024-10-14 04:06:34 +0000"
    },
    "done": true
  },
  "vinery:recipes/dark_cherry_fence_gate": {
    "criteria": {
      "has_stick": "2024-10-14 04:06:34 +0000"
    },
    "done": true
  },
  "minecraft:recipes/tools/wooden_pickaxe": {
    "criteria": {
      "has_stick": "2024-10-14 04:06:34 +0000"
    },
    "done": true
  },
  "securitycraft:recipes/redstone/reinforced_mangrove_fence_gate": {
    "criteria": {
      "has_stick": "2024-10-14 04:06:34 +0000"
    },
    "done": true
  },
  "securitycraft:recipes/misc/reinforced_mangrove_fence": {
    "criteria": {
      "has_stick": "2024-10-14 04:06:34 +0000"
    },
    "done": true
  },
  "farmersdelight:recipes/decorations/cutting_board": {
    "criteria": {
      "has_stick": "2024-10-14 04:06:34 +0000"
    },
    "done": true
  },
  "beautify:trellis": {
    "criteria": {
      "requirement": "2024-10-14 04:06:34 +0000"
    },
    "done": true
  },
  "securitycraft:recipes/misc/reinforced_spruce_fence": {
    "criteria": {
      "has_stick": "2024-10-14 04:06:34 +0000"
    },
    "done": true
  },
  "biomesoplenty:biomesoplenty/root": {
    "criteria": {
      "marsh": "2024-10-14 04:09:52 +0000"
    },
    "done": true
  },
  "biomesoplenty:biomesoplenty/all_biomes": {
    "criteria": {
      "shrubland": "2024-10-17 03:38:12 +0000",
      "rocky_shrubland": "2024-10-14 04:13:12 +0000",
      "marsh": "2024-10-14 04:09:52 +0000",
      "jade_cliffs": "2024-10-14 04:13:05 +0000",
      "orchard": "2024-10-14 04:12:52 +0000",
      "lavender_forest": "2024-10-14 04:12:56 +0000",
      "spider_nest": "2024-10-14 04:11:55 +0000",
      "redwood_forest": "2024-10-14 04:12:51 +0000",
      "lavender_field": "2024-10-14 04:12:43 +0000",
      "grassland": "2024-10-14 04:10:51 +0000"
    },
    "done": false
  },
  "vinery:recipes/grass_slab": {
    "criteria": {
      "has_grass_block": "2024-10-14 04:15:21 +0000"
    },
    "done": true
  },
  "minecraft:recipes/misc/pink_dye_from_pink_petals": {
    "criteria": {
      "has_pink_petals": "2024-10-14 04:16:07 +0000"
    },
    "done": true
  },
  "minecraft:nether/create_beacon": {
    "criteria": {
      "beacon": "2024-10-14 04:39:07 +0000"
    },
    "done": true
  },
  "securitycraft:recipes/building_blocks/reinforced_mossy_cobblestone_from_vanilla_moss": {
    "criteria": {
      "has_moss": "2024-10-14 04:39:19 +0000"
    },
    "done": true
  },
  "securitycraft:recipes/building_blocks/reinforced_mossy_stone_bricks_from_vanilla_moss": {
    "criteria": {
      "has_moss": "2024-10-14 04:39:19 +0000"
    },
    "done": true
  },
  "minecraft:recipes/building_blocks/mossy_cobblestone_from_moss_block": {
    "criteria": {
      "has_moss_block": "2024-10-14 04:39:19 +0000"
    },
    "done": true
  },
  "minecraft:recipes/decorations/moss_carpet": {
    "criteria": {
      "has_moss_block": "2024-10-14 04:39:19 +0000"
    },
    "done": true
  },
  "minecraft:recipes/building_blocks/mossy_stone_bricks_from_moss_block": {
    "criteria": {
      "has_moss_block": "2024-10-14 04:39:19 +0000"
    },
    "done": true
  },
  "minecraft:recipes/building_blocks/stone_bricks": {
    "criteria": {
      "has_stone": "2024-10-14 04:46:55 +0000"
    },
    "done": true
  },
  "minecraft:recipes/building_blocks/stone_bricks_from_stone_stonecutting": {
    "criteria": {
      "has_stone": "2024-10-14 04:46:55 +0000"
    },
    "done": true
  },
  "minecraft:recipes/building_blocks/stone_slab": {
    "criteria": {
      "has_stone": "2024-10-14 04:46:55 +0000"
    },
    "done": true
  },
  "minecraft:recipes/decorations/chest": {
    "criteria": {
      "has_lots_of_items": "2024-10-14 04:46:55 +0000"
    },
    "done": true
  },
  "minecraft:recipes/building_blocks/stone_stairs_from_stone_stonecutting": {
    "criteria": {
      "has_stone": "2024-10-14 04:46:55 +0000"
    },
    "done": true
  },
  "minecraft:recipes/redstone/stone_button": {
    "criteria": {
      "has_stone": "2024-10-14 04:46:55 +0000"
    },
    "done": true
  },
  "minecraft:recipes/redstone/stone_pressure_plate": {
    "criteria": {
      "has_stone": "2024-10-14 04:46:55 +0000"
    },
    "done": true
  },
  "minecraft:recipes/building_blocks/stone_stairs": {
    "criteria": {
      "has_stone": "2024-10-14 04:46:55 +0000"
    },
    "done": true
  },
  "minecraft:recipes/decorations/stonecutter": {
    "criteria": {
      "has_stone": "2024-10-14 04:46:55 +0000"
    },
    "done": true
  },
  "minecraft:recipes/building_blocks/smooth_stone": {
    "criteria": {
      "has_stone": "2024-10-14 04:46:55 +0000"
    },
    "done": true
  },
  "minecraft:recipes/decorations/stone_brick_walls_from_stone_stonecutting": {
    "criteria": {
      "has_stone": "2024-10-14 04:46:55 +0000"
    },
    "done": true
  },
  "minecraft:recipes/building_blocks/stone_brick_slab_from_stone_stonecutting": {
    "criteria": {
      "has_stone": "2024-10-14 04:46:55 +0000"
    },
    "done": true
  },
  "minecraft:recipes/building_blocks/stone_brick_stairs_from_stone_stonecutting": {
    "criteria": {
      "has_stone": "2024-10-14 04:46:55 +0000"
    },
    "done": true
  },
  "minecraft:recipes/building_blocks/stone_slab_from_stone_stonecutting": {
    "criteria": {
      "has_stone": "2024-10-14 04:46:55 +0000"
    },
    "done": true
  },
  "minecraft:recipes/building_blocks/chiseled_stone_bricks_stone_from_stonecutting": {
    "criteria": {
      "has_stone": "2024-10-14 04:46:55 +0000"
    },
    "done": true
  },
  "minecraft:recipes/building_blocks/stone_brick_stairs": {
    "criteria": {
      "has_stone_bricks": "2024-10-14 04:46:57 +0000"
    },
    "done": true
  },
  "minecraft:recipes/building_blocks/stone_brick_slab": {
    "criteria": {
      "has_stone_bricks": "2024-10-14 04:46:57 +0000"
    },
    "done": true
  },
  "minecraft:recipes/building_blocks/chiseled_stone_bricks_from_stone_bricks_stonecutting": {
    "criteria": {
      "has_stone_bricks": "2024-10-14 04:46:57 +0000"
    },
    "done": true
  },
  "minecraft:recipes/decorations/stone_brick_wall": {
    "criteria": {
      "has_stone_bricks": "2024-10-14 04:46:57 +0000"
    },
    "done": true
  },
  "minecraft:recipes/building_blocks/cracked_stone_bricks": {
    "criteria": {
      "has_stone_bricks": "2024-10-14 04:46:57 +0000"
    },
    "done": true
  },
  "minecraft:recipes/building_blocks/stone_brick_stairs_from_stone_bricks_stonecutting": {
    "criteria": {
      "has_stone_bricks": "2024-10-14 04:46:57 +0000"
    },
    "done": true
  },
  "minecraft:recipes/building_blocks/chiseled_stone_bricks": {
    "criteria": {
      "has_tag": "2024-10-14 04:46:57 +0000"
    },
    "done": true
  },
  "minecraft:recipes/decorations/stone_brick_wall_from_stone_bricks_stonecutting": {
    "criteria": {
      "has_stone_bricks": "2024-10-14 04:46:57 +0000"
    },
    "done": true
  },
  "minecraft:recipes/building_blocks/stone_brick_slab_from_stone_bricks_stonecutting": {
    "criteria": {
      "has_stone_bricks": "2024-10-14 04:46:57 +0000"
    },
    "done": true
  },
  "vinery:recipes/dirt_slab": {
    "criteria": {
      "has_dirt": "2024-10-14 04:47:28 +0000"
    },
    "done": true
  },
  "securitycraft:recipes/building_blocks/reinforced_andesite_with_vanilla_diorite": {
    "criteria": {
      "has_cobblestone": "2024-10-14 04:47:50 +0000"
    },
    "done": true
  },
  "minecraft:recipes/building_blocks/mossy_cobblestone_stairs_from_mossy_cobblestone_stonecutting": {
    "criteria": {
      "has_mossy_cobblestone": "2024-10-14 04:47:50 +0000"
    },
    "done": true
  },
  "securitycraft:recipes/building_blocks/reinforced_andesite_with_vanilla_cobblestone": {
    "criteria": {
      "has_cobblestone": "2024-10-14 04:47:50 +0000"
    },
    "done": true
  },
  "minecraft:recipes/building_blocks/mossy_cobblestone_slab": {
    "criteria": {
      "has_mossy_cobblestone": "2024-10-14 04:47:50 +0000"
    },
    "done": true
  },
  "minecraft:recipes/building_blocks/mossy_cobblestone_stairs": {
    "criteria": {
      "has_mossy_cobblestone": "2024-10-14 04:47:50 +0000"
    },
    "done": true
  },
  "minecraft:recipes/building_blocks/mossy_cobblestone_slab_from_mossy_cobblestone_stonecutting": {
    "criteria": {
      "has_mossy_cobblestone": "2024-10-14 04:47:50 +0000"
    },
    "done": true
  },
  "minecraft:recipes/decorations/mossy_cobblestone_wall": {
    "criteria": {
      "has_mossy_cobblestone": "2024-10-14 04:47:50 +0000"
    },
    "done": true
  },
  "securitycraft:recipes/building_blocks/reinforced_andesite": {
    "criteria": {
      "has_cobblestone": "2024-10-14 04:47:50 +0000"
    },
    "done": true
  },
  "securitycraft:recipes/building_blocks/reinforced_diorite": {
    "criteria": {
      "has_cobblestone": "2024-10-14 04:47:50 +0000"
    },
    "done": true
  },
  "minecraft:recipes/decorations/mossy_cobblestone_wall_from_mossy_cobblestone_stonecutting": {
    "criteria": {
      "has_mossy_cobblestone": "2024-10-14 04:47:50 +0000"
    },
    "done": true
  },
  "minecraft:recipes/building_blocks/polished_andesite_stairs_from_polished_andesite_stonecutting": {
    "criteria": {
      "has_polished_andesite": "2024-10-15 04:34:57 +0000"
    },
    "done": true
  },
  "minecraft:recipes/building_blocks/polished_andesite_slab": {
    "criteria": {
      "has_polished_andesite": "2024-10-15 04:34:57 +0000"
    },
    "done": true
  },
  "minecraft:recipes/building_blocks/polished_andesite_stairs": {
    "criteria": {
      "has_polished_andesite": "2024-10-15 04:34:57 +0000"
    },
    "done": true
  },
  "minecraft:recipes/building_blocks/polished_andesite_slab_from_polished_andesite_stonecutting": {
    "criteria": {
      "has_polished_andesite": "2024-10-15 04:34:57 +0000"
    },
    "done": true
  },
  "minecraft:recipes/misc/white_dye": {
    "criteria": {
      "has_bone_meal": "2024-10-15 05:14:23 +0000"
    },
    "done": true
  },
  "create:recipes/misc/crafting/appliances/tree_fertilizer": {
    "criteria": {
      "has_item": "2024-10-15 05:14:23 +0000"
    },
    "done": true
  },
  "minecraft:recipes/building_blocks/bone_block": {
    "criteria": {
      "has_bone_meal": "2024-10-15 05:14:23 +0000"
    },
    "done": true
  },
  "farmersdelight:recipes/cooking/dog_food": {
    "criteria": {
      "has_any_ingredient": "2024-10-15 05:14:23 +0000"
    },
    "done": true
  },
  "create:recipes/misc/crafting/tree_fertilizer": {
    "criteria": {
      "has_item": "2024-10-15 05:14:23 +0000"
    },
    "done": true
  },
  "minecraft:adventure/root": {
    "criteria": {
      "killed_something": "2024-10-15 06:32:00 +0000"
    },
    "done": true
  },
  "minecraft:adventure/kill_all_mobs": {
    "criteria": {
      "minecraft:skeleton": "2024-10-15 06:35:02 +0000"
    },
    "done": false
  },
  "minecraft:adventure/kill_a_mob": {
    "criteria": {
      "minecraft:skeleton": "2024-10-15 06:35:02 +0000"
    },
    "done": true
  },
  "minecraft:recipes/misc/bone_meal": {
    "criteria": {
      "has_bone": "2024-10-15 06:35:03 +0000"
    },
    "done": true
  },
  "farmersdelight:recipes/cooking/bone_broth": {
    "criteria": {
      "has_bone": "2024-10-15 06:35:03 +0000"
    },
    "done": true
  },
  "minecraft:recipes/building_blocks/polished_deepslate": {
    "criteria": {
      "has_cobbled_deepslate": "2024-10-17 02:46:59 +0000"
    },
    "done": true
  },
  "minecraft:recipes/building_blocks/deepslate_tile_stairs_from_cobbled_deepslate_stonecutting": {
    "criteria": {
      "has_cobbled_deepslate": "2024-10-17 02:46:59 +0000"
    },
    "done": true
  },
  "minecraft:story/mine_stone": {
    "criteria": {
      "get_stone": "2024-10-17 02:46:59 +0000"
    },
    "done": true
  },
  "minecraft:recipes/decorations/furnace": {
    "criteria": {
      "has_cobblestone": "2024-10-17 02:46:59 +0000"
    },
    "done": true
  },
  "minecraft:recipes/building_blocks/cobbled_deepslate_slab": {
    "criteria": {
      "has_cobbled_deepslate": "2024-10-17 02:46:59 +0000"
    },
    "done": true
  },
  "minecraft:recipes/building_blocks/polished_deepslate_stairs_from_cobbled_deepslate_stonecutting": {
    "criteria": {
      "has_cobbled_deepslate": "2024-10-17 02:46:59 +0000"
    },
    "done": true
  },
  "minecraft:recipes/decorations/deepslate_brick_wall_from_cobbled_deepslate_stonecutting": {
    "criteria": {
      "has_cobbled_deepslate": "2024-10-17 02:46:59 +0000"
    },
    "done": true
  },
  "minecraft:recipes/building_blocks/polished_deepslate_from_cobbled_deepslate_stonecutting": {
    "criteria": {
      "has_cobbled_deepslate": "2024-10-17 02:46:59 +0000"
    },
    "done": true
  },
  "minecraft:recipes/tools/stone_pickaxe": {
    "criteria": {
      "has_cobblestone": "2024-10-17 02:46:59 +0000"
    },
    "done": true
  },
  "minecraft:recipes/building_blocks/cobbled_deepslate_slab_from_cobbled_deepslate_stonecutting": {
    "criteria": {
      "has_cobbled_deepslate": "2024-10-17 02:46:59 +0000"
    },
    "done": true
  },
  "minecraft:recipes/building_blocks/deepslate_tile_slab_from_cobbled_deepslate_stonecutting": {
    "criteria": {
      "has_cobbled_deepslate": "2024-10-17 02:46:59 +0000"
    },
    "done": true
  },
  "minecraft:recipes/decorations/deepslate_tile_wall_from_cobbled_deepslate_stonecutting": {
    "criteria": {
      "has_cobbled_deepslate": "2024-10-17 02:46:59 +0000"
    },
    "done": true
  },
  "minecraft:recipes/tools/stone_shovel": {
    "criteria": {
      "has_cobblestone": "2024-10-17 02:46:59 +0000"
    },
    "done": true
  },
  "minecraft:recipes/building_blocks/deepslate_brick_stairs_from_cobbled_deepslate_stonecutting": {
    "criteria": {
      "has_cobbled_deepslate": "2024-10-17 02:46:59 +0000"
    },
    "done": true
  },
  "minecraft:recipes/combat/stone_sword": {
    "criteria": {
      "has_cobblestone": "2024-10-17 02:46:59 +0000"
    },
    "done": true
  },
  "minecraft:recipes/tools/stone_axe": {
    "criteria": {
      "has_cobblestone": "2024-10-17 02:46:59 +0000"
    },
    "done": true
  },
  "securitycraft:recipes/redstone/laser_block": {
    "criteria": {
      "has_stone": "2024-10-17 02:46:59 +0000"
    },
    "done": true
  },
  "minecraft:recipes/building_blocks/chiseled_deepslate_from_cobbled_deepslate_stonecutting": {
    "criteria": {
      "has_cobbled_deepslate": "2024-10-17 02:46:59 +0000"
    },
    "done": true
  },
  "minecraft:recipes/decorations/cobbled_deepslate_wall_from_cobbled_deepslate_stonecutting": {
    "criteria": {
      "has_cobbled_deepslate": "2024-10-17 02:46:59 +0000"
    },
    "done": true
  },
  "minecraft:recipes/decorations/cobbled_deepslate_wall": {
    "criteria": {
      "has_cobbled_deepslate": "2024-10-17 02:46:59 +0000"
    },
    "done": true
  },
  "minecraft:recipes/decorations/polished_deepslate_wall_from_cobbled_deepslate_stonecutting": {
    "criteria": {
      "has_cobbled_deepslate": "2024-10-17 02:46:59 +0000"
    },
    "done": true
  },
  "minecraft:recipes/building_blocks/cobbled_deepslate_stairs_from_cobbled_deepslate_stonecutting": {
    "criteria": {
      "has_cobbled_deepslate": "2024-10-17 02:46:59 +0000"
    },
    "done": true
  },
  "minecraft:recipes/building_blocks/deepslate": {
    "criteria": {
      "has_cobbled_deepslate": "2024-10-17 02:46:59 +0000"
    },
    "done": true
  },
  "minecraft:recipes/building_blocks/polished_deepslate_slab_from_cobbled_deepslate_stonecutting": {
    "criteria": {
      "has_cobbled_deepslate": "2024-10-17 02:46:59 +0000"
    },
    "done": true
  },
  "minecraft:recipes/building_blocks/deepslate_brick_slab_from_cobbled_deepslate_stonecutting": {
    "criteria": {
      "has_cobbled_deepslate": "2024-10-17 02:46:59 +0000"
    },
    "done": true
  },
  "minecraft:recipes/building_blocks/cobbled_deepslate_stairs": {
    "criteria": {
      "has_cobbled_deepslate": "2024-10-17 02:46:59 +0000"
    },
    "done": true
  },
  "minecraft:recipes/building_blocks/deepslate_bricks_from_cobbled_deepslate_stonecutting": {
    "criteria": {
      "has_cobbled_deepslate": "2024-10-17 02:46:59 +0000"
    },
    "done": true
  },
  "minecraft:recipes/building_blocks/deepslate_tiles_from_cobbled_deepslate_stonecutting": {
    "criteria": {
      "has_cobbled_deepslate": "2024-10-17 02:46:59 +0000"
    },
    "done": true
  },
  "minecraft:recipes/tools/stone_hoe": {
    "criteria": {
      "has_cobblestone": "2024-10-17 02:46:59 +0000"
    },
    "done": true
  },
  "create:recipes/building_blocks/cut_tuff_from_stone_types_tuff_stonecutting": {
    "criteria": {
      "has_stone_types_tuff": "2024-10-17 02:47:00 +0000"
    },
    "done": true
  },
  "create:recipes/building_blocks/polished_cut_tuff_from_stone_types_tuff_stonecutting": {
    "criteria": {
      "has_stone_types_tuff": "2024-10-17 02:47:00 +0000"
    },
    "done": true
  },
  "create:recipes/building_blocks/polished_cut_tuff_slab_from_stone_types_tuff_stonecutting": {
    "criteria": {
      "has_stone_types_tuff": "2024-10-17 02:47:00 +0000"
    },
    "done": true
  },
  "create:recipes/building_blocks/polished_cut_tuff_stairs_from_stone_types_tuff_stonecutting": {
    "criteria": {
      "has_stone_types_tuff": "2024-10-17 02:47:00 +0000"
    },
    "done": true
  },
  "create:recipes/building_blocks/cut_tuff_stairs_from_stone_types_tuff_stonecutting": {
    "criteria": {
      "has_stone_types_tuff": "2024-10-17 02:47:00 +0000"
    },
    "done": true
  },
  "create:recipes/building_blocks/tuff_from_stone_types_tuff_stonecutting": {
    "criteria": {
      "has_stone_types_tuff": "2024-10-17 02:47:00 +0000"
    },
    "done": true
  },
  "create:recipes/building_blocks/small_tuff_brick_slab_from_stone_types_tuff_stonecutting": {
    "criteria": {
      "has_stone_types_tuff": "2024-10-17 02:47:00 +0000"
    },
    "done": true
  },
  "create:recipes/building_blocks/polished_cut_tuff_wall_from_stone_types_tuff_stonecutting": {
    "criteria": {
      "has_stone_types_tuff": "2024-10-17 02:47:00 +0000"
    },
    "done": true
  },
  "create:recipes/building_blocks/cut_tuff_brick_slab_from_stone_types_tuff_stonecutting": {
    "criteria": {
      "has_stone_types_tuff": "2024-10-17 02:47:00 +0000"
    },
    "done": true
  },
  "create:recipes/building_blocks/small_tuff_brick_stairs_from_stone_types_tuff_stonecutting": {
    "criteria": {
      "has_stone_types_tuff": "2024-10-17 02:47:00 +0000"
    },
    "done": true
  },
  "create:recipes/building_blocks/small_tuff_bricks_from_stone_types_tuff_stonecutting": {
    "criteria": {
      "has_stone_types_tuff": "2024-10-17 02:47:00 +0000"
    },
    "done": true
  },
  "create:recipes/building_blocks/layered_tuff_from_stone_types_tuff_stonecutting": {
    "criteria": {
      "has_stone_types_tuff": "2024-10-17 02:47:00 +0000"
    },
    "done": true
  },
  "create:recipes/building_blocks/cut_tuff_brick_stairs_from_stone_types_tuff_stonecutting": {
    "criteria": {
      "has_stone_types_tuff": "2024-10-17 02:47:00 +0000"
    },
    "done": true
  },
  "create:recipes/building_blocks/tuff_pillar_from_stone_types_tuff_stonecutting": {
    "criteria": {
      "has_stone_types_tuff": "2024-10-17 02:47:00 +0000"
    },
    "done": true
  },
  "create:recipes/building_blocks/cut_tuff_brick_wall_from_stone_types_tuff_stonecutting": {
    "criteria": {
      "has_stone_types_tuff": "2024-10-17 02:47:00 +0000"
    },
    "done": true
  },
  "create:recipes/building_blocks/cut_tuff_slab_from_stone_types_tuff_stonecutting": {
    "criteria": {
      "has_stone_types_tuff": "2024-10-17 02:47:00 +0000"
    },
    "done": true
  },
  "create:recipes/building_blocks/small_tuff_brick_wall_from_stone_types_tuff_stonecutting": {
    "criteria": {
      "has_stone_types_tuff": "2024-10-17 02:47:00 +0000"
    },
    "done": true
  },
  "create:recipes/building_blocks/cut_tuff_bricks_from_stone_types_tuff_stonecutting": {
    "criteria": {
      "has_stone_types_tuff": "2024-10-17 02:47:00 +0000"
    },
    "done": true
  },
  "create:recipes/building_blocks/cut_tuff_wall_from_stone_types_tuff_stonecutting": {
    "criteria": {
      "has_stone_types_tuff": "2024-10-17 02:47:00 +0000"
    },
    "done": true
  },
  "biomesoplenty:recipes/building_blocks/redwood_planks": {
    "criteria": {
      "has_logs": "2024-10-17 02:47:18 +0000"
    },
    "done": true
  },
  "farmersdelight:recipes/cooking/stuffed_pumpkin_block": {
    "criteria": {
      "has_pumpkin": "2024-10-17 03:46:21 +0000"
    },
    "done": true
  },
  "minecraft:recipes/building_blocks/raw_iron_block": {
    "criteria": {
      "has_raw_iron": "2024-10-17 03:38:34 +0000"
    },
    "done": true
  },
  "vinery:recipes/spruce_wine_rack_big": {
    "criteria": {
      "has_spruce_planks": "2024-10-17 03:32:58 +0000"
    },
    "done": true
  },
  "create:recipes/misc/crafting/appliances/crafting_blueprint": {
    "criteria": {
      "has_item": "2024-10-17 03:33:04 +0000"
    },
    "done": true
  },
  "minecraft:recipes/misc/stick": {
    "criteria": {
      "has_planks": "2024-10-17 03:32:58 +0000"
    },
    "done": true
  },
  "minecraft:recipes/building_blocks/cobblestone_slab_from_cobblestone_stonecutting": {
    "criteria": {
      "has_cobblestone": "2024-10-17 03:34:03 +0000"
    },
    "done": true
  },
  "vinery:recipes/spruce_wine_rack_small": {
    "criteria": {
      "has_spruce_planks": "2024-10-17 03:32:58 +0000"
    },
    "done": true
  },
  "minecraft:recipes/building_blocks/stone": {
    "criteria": {
      "has_cobblestone": "2024-10-17 03:34:03 +0000"
    },
    "done": true
  },
  "vinery:recipes/grapevine_pot": {
    "criteria": {
      "has_spruce_planks": "2024-10-17 03:32:58 +0000"
    },
    "done": true
  },
  "minecraft:recipes/decorations/spruce_fence": {
    "criteria": {
      "has_planks": "2024-10-17 03:32:58 +0000"
    },
    "done": true
  },
  "create:recipes/building_blocks/spruce_window": {
    "criteria": {
      "has_ingredient": "2024-10-17 03:32:58 +0000"
    },
    "done": true
  },
  "minecraft:recipes/food/pumpkin_pie": {
    "criteria": {
      "has_pumpkin": "2024-10-17 03:46:21 +0000"
    },
    "done": true
  },
  "vinery:recipes/dark_cherry_shelf": {
    "criteria": {
      "has_spruce_planks": "2024-10-17 03:32:58 +0000"
    },
    "done": true
  },
  "minecraft:recipes/redstone/spruce_button": {
    "criteria": {
      "has_planks": "2024-10-17 03:32:58 +0000"
    },
    "done": true
  },
  "minecraft:recipes/food/cooked_porkchop": {
    "criteria": {
      "has_porkchop": "2024-10-17 03:44:05 +0000"
    },
    "done": true
  },
  "minecraft:recipes/redstone/spruce_pressure_plate": {
    "criteria": {
      "has_planks": "2024-10-17 03:32:58 +0000"
    },
    "done": true
  },
  "minecraft:recipes/building_blocks/cobblestone_slab": {
    "criteria": {
      "has_cobblestone": "2024-10-17 03:34:03 +0000"
    },
    "done": true
  },
  "minecraft:recipes/misc/iron_ingot_from_blasting_raw_iron": {
    "criteria": {
      "has_raw_iron": "2024-10-17 03:38:34 +0000"
    },
    "done": true
  },
  "minecraft:recipes/food/cooked_porkchop_from_smoking": {
    "criteria": {
      "has_porkchop": "2024-10-17 03:44:05 +0000"
    },
    "done": true
  },
  "minecraft:recipes/decorations/barrel": {
    "criteria": {
      "has_planks": "2024-10-17 03:32:58 +0000"
    },
    "done": true
  },
  "minecraft:recipes/decorations/cobblestone_wall_from_cobblestone_stonecutting": {
    "criteria": {
      "has_cobblestone": "2024-10-17 03:34:03 +0000"
    },
    "done": true
  },
  "minecraft:recipes/building_blocks/cobblestone_stairs": {
    "criteria": {
      "has_cobblestone": "2024-10-17 03:34:03 +0000"
    },
    "done": true
  },
  "minecraft:recipes/redstone/lever": {
    "criteria": {
      "has_cobblestone": "2024-10-17 03:34:03 +0000"
    },
    "done": true
  },
  "minecraft:recipes/decorations/cobblestone_wall": {
    "criteria": {
      "has_cobblestone": "2024-10-17 03:34:03 +0000"
    },
    "done": true
  },
  "minecraft:recipes/decorations/spruce_sign": {
    "criteria": {
      "has_planks": "2024-10-17 03:32:58 +0000"
    },
    "done": true
  },
  "farmersdelight:recipes/cooking/noodle_soup": {
    "criteria": {
      "has_any_ingredient": "2024-10-17 03:44:05 +0000"
    },
    "done": true
  },
  "minecraft:recipes/misc/pumpkin_seeds": {
    "criteria": {
      "has_pumpkin": "2024-10-17 03:46:21 +0000"
    },
    "done": true
  },
  "minecraft:recipes/food/cooked_porkchop_from_campfire_cooking": {
    "criteria": {
      "has_porkchop": "2024-10-17 03:44:05 +0000"
    },
    "done": true
  },
  "farmersdelight:recipes/cooking/pumpkin_soup": {
    "criteria": {
      "has_any_ingredient": "2024-10-17 03:44:05 +0000"
    },
    "done": true
  },
  "minecraft:recipes/building_blocks/spruce_wood": {
    "criteria": {
      "has_log": "2024-10-17 03:32:52 +0000"
    },
    "done": true
  },
  "minecraft:husbandry/root": {
    "criteria": {
      "consumed_item": "2024-10-17 03:39:43 +0000"
    },
    "done": true
  },
  "minecraft:recipes/building_blocks/coal_block": {
    "criteria": {
      "has_coal": "2024-10-17 03:39:59 +0000"
    },
    "done": true
  },
  "minecraft:recipes/building_blocks/spruce_slab": {
    "criteria": {
      "has_planks": "2024-10-17 03:32:58 +0000"
    },
    "done": true
  },
  "minecraft:recipes/decorations/torch": {
    "criteria": {
      "has_stone_pickaxe": "2024-10-17 03:38:32 +0000"
    },
    "done": true
  },
  "minecraft:recipes/building_blocks/spruce_planks": {
    "criteria": {
      "has_logs": "2024-10-17 03:32:52 +0000"
    },
    "done": true
  },
  "fantasyfurniture:recipes/misc/furniture_station": {
    "criteria": {
      "has_crafting_table": "2024-10-17 03:33:04 +0000"
    },
    "done": true
  },
  "wildberries:berry": {
    "criteria": {
      "berry": "2024-10-17 03:48:22 +0000"
    },
    "done": true
  },
  "minecraft:recipes/misc/iron_ingot_from_smelting_raw_iron": {
    "criteria": {
      "has_raw_iron": "2024-10-17 03:38:34 +0000"
    },
    "done": true
  },
  "minecraft:story/upgrade_tools": {
    "criteria": {
      "stone_pickaxe": "2024-10-17 03:38:32 +0000"
    },
    "done": true
  },
  "minecraft:recipes/redstone/spruce_trapdoor": {
    "criteria": {
      "has_planks": "2024-10-17 03:32:58 +0000"
    },
    "done": true
  },
  "minecraft:recipes/redstone/spruce_door": {
    "criteria": {
      "has_planks": "2024-10-17 03:32:58 +0000"
    },
    "done": true
  },
  "minecraft:recipes/redstone/spruce_fence_gate": {
    "criteria": {
      "has_planks": "2024-10-17 03:32:58 +0000"
    },
    "done": true
  },
  "farmersdelight:recipes/building_blocks/organic_compost_from_rotten_flesh": {
    "criteria": {
      "has_rotten_flesh": "2024-10-17 03:39:31 +0000"
    },
    "done": true
  },
  "minecraft:recipes/building_blocks/cobblestone_stairs_from_cobblestone_stonecutting": {
    "criteria": {
      "has_cobblestone": "2024-10-17 03:34:03 +0000"
    },
    "done": true
  },
  "minecraft:recipes/building_blocks/spruce_stairs": {
    "criteria": {
      "has_planks": "2024-10-17 03:32:58 +0000"
    },
    "done": true
  },
  "minecraft:story/root": {
    "criteria": {
      "crafting_table": "2024-10-17 03:33:04 +0000"
    },
    "done": true
  },
  "DataVersion": 3465
}